"","bird_id","colony","trip","trip_id","start_time","end_time","nest_attendance","trip_duration","max_dist","dest_lat","dest_long","departing_angle","dest_angle","max_speed"
"16",12656,"Oronsay",16,"16_12656",2014-07-01 02:44:00,2014-07-01 21:43:53,NA,1139.89166666667,6.61926094143054,56.078698,-6.168081,24.2982891992013,26.8535794773809,3.29866384418307
"18",12656,"Oronsay",18,"18_12656",2014-07-03 16:51:31,2014-07-03 21:21:26,NA,269.916666666667,5.99703472175785,56.074707,-6.176366,13.3468666213591,24.3425305604667,2.82661317012078
"19",12656,"Oronsay",19,"19_12656",2014-07-03 21:51:29,2014-07-03 22:51:27,30.0416666666667,59.9666666666667,2.12201819308518,56.01286,-6.240967,-133.537433546208,-133.537433546208,1.13058050251149
"23",12656,"Oronsay",23,"23_12656",2014-07-15 19:06:39,2014-07-15 19:36:40,NA,30.0166666666667,2.63694364679945,56.02165,-6.173773,101.027080778021,101.027080778021,1.41920944694545
"24",12656,"Oronsay",24,"24_12656",2014-07-16 01:36:36,2014-07-16 06:36:38,359.933333333333,300.025,4.73654061489977,56.066058,-6.192571,17.7097330498739,17.9102023456044,2.28103545045213
"25",12656,"Oronsay",25,"25_12656",2014-07-16 12:06:34,2014-07-16 22:36:25,329.941666666667,629.85,6.35190054855525,56.076718,-6.170607,27.8433355090644,26.3949469181692,1.76560927906427
"42",12656,"Oronsay",42,"42_12656",2015-05-10 02:37:11,2015-05-10 21:07:02,NA,1109.85,6.99186334452775,56.08198,-6.166453,15.1189388619255,26.1965714344673,2.46096909257132
"44",12656,"Oronsay",44,"44_12656",2015-05-12 02:36:49,2015-05-12 08:06:44,NA,329.925,6.93417656448927,56.081297,-6.166068,15.3746264147556,27.4509141845404,2.40264089794068
"48",12656,"Oronsay",48,"48_12656",2015-05-15 02:26:08,2015-05-15 21:55:59,NA,1169.85,7.14894634605819,56.083254,-6.165369,26.7089039724839,26.1183742035252,3.79366098585281
"51",12656,"Oronsay",51,"51_12656",2015-05-17 02:35:44,2015-05-17 06:35:42,NA,239.958333333333,5.00235746083916,56.06617,-6.249607,23.3021731509259,-25.9724447393018,1.71923144266459
"52",12656,"Oronsay",52,"52_12656",2015-05-17 07:05:40,2015-05-17 09:35:44,29.975,150.058333333333,0.481532657149656,56.022803,-6.209463,121.305064780895,125.278073672814,0.217585371342948
"53",12656,"Oronsay",53,"53_12656",2015-05-17 10:35:39,2015-05-17 12:05:41,59.925,90.0333333333333,6.0530442560872,56.074816,-6.174622,25.2896821660123,25.2896821660123,3.32933336044745
"54",12656,"Oronsay",54,"54_12656",2015-05-17 15:05:41,2015-05-17 21:35:36,NA,389.925,5.00844965816181,56.066159,-6.249878,-141.114241294678,-25.9714707756154,1.58605997842276
"55",12656,"Oronsay",55,"55_12656",2015-05-18 04:05:33,2015-05-18 05:05:29,389.95,59.925,0.50236415010538,56.02178,-6.210941,122.802726751839,122.802726751839,0.147851909360307
"56",12656,"Oronsay",56,"56_12656",2015-05-18 05:35:28,2015-05-18 06:35:29,29.9916666666667,60.0083333333333,2.76559016882452,56.005914,-6.242771,-145.178437147221,-142.704865274776,1.15955233578343
"57",12656,"Oronsay",57,"57_12656",2015-05-18 07:35:28,2015-05-18 14:35:28,59.9916666666667,419.991666666667,7.41719244755543,56.085635,-6.164281,137.87721026801,25.9547689350309,3.83919730611864
"58",12656,"Oronsay",58,"58_12656",2015-05-18 17:05:23,2015-05-18 17:35:23,149.916666666667,30,2.44812822957155,56.025835,-6.254759,-90.2953005648088,-90.2953005648088,1.33182112565699
"59",12656,"Oronsay",59,"59_12656",2015-05-18 18:05:25,2015-05-18 21:35:21,30.0416666666667,209.933333333333,3.34608526609814,56.052861,-6.193296,24.4473722020938,24.7044473353952,1.78295487016119
"60",12656,"Oronsay",60,"60_12656",2015-05-19 02:35:17,2015-05-19 08:05:12,299.933333333333,329.916666666667,6.50596853914343,56.077489,-6.167839,24.9248477535748,27.5005517957837,1.73709244651774
"61",12656,"Oronsay",61,"61_12656",2015-05-19 09:05:15,2015-05-19 13:35:15,60.0416666666667,270,5.6181572660416,56.071641,-6.179012,26.6998967846841,24.2371524245132,2.04490830018207
"62",12656,"Oronsay",62,"62_12656",2015-05-19 17:05:10,2015-05-19 20:35:10,209.916666666667,210,5.11935300109852,56.067801,-6.183309,23.0009001916008,23.6456536066851,1.70983246559205
"63",12656,"Oronsay",63,"63_12656",2015-05-20 02:35:07,2015-05-20 05:35:04,359.958333333333,179.95,4.15085392128152,56.06214,-6.203214,21.3711887807317,10.6167410949341,1.84440544810681
"64",12656,"Oronsay",64,"64_12656",2015-05-20 06:35:07,2015-05-20 09:35:03,60.05,179.925,7.18395176970787,56.083528,-6.165091,39.2447102303078,26.2928980866645,1.45849305545854
"68",12656,"Oronsay",68,"68_12656",2015-05-21 12:34:34,2015-05-21 22:04:28,NA,569.9,7.08332670395071,56.087976,-6.194065,27.4433482224757,11.0246251040794,3.57927701516553
"71",12656,"Oronsay",71,"71_12656",2015-05-23 02:58:14,2015-05-23 05:28:11,NA,149.95,3.26305763960195,56.053235,-6.198588,19.8674945176549,19.8674945176549,1.76607774312813
"73",12656,"Oronsay",73,"73_12656",2015-05-24 02:56:59,2015-05-24 04:56:56,NA,119.95,4.65391738578849,56.067179,-6.209872,14.7583311667949,4.76085551386716,2.46979984473013
"74",12656,"Oronsay",74,"74_12656",2015-05-24 12:26:39,2015-05-24 21:56:35,449.716666666667,569.933333333333,7.26501792541998,56.084148,-6.164394,7.50524315081528,26.3033429881567,2.31927070751825
"75",12656,"Oronsay",75,"75_12656",2015-05-25 02:26:31,2015-05-25 05:56:27,269.941666666667,209.925,4.54826495015835,56.064836,-6.195821,14.7145183973781,16.0686997181201,2.4671357437754
"76",12656,"Oronsay",76,"76_12656",2015-05-25 09:56:30,2015-05-25 10:26:29,240.058333333333,29.975,0.680686046851668,56.021814,-6.224209,-132.593709019132,-132.593709019132,0.335015740116331
"78",12656,"Oronsay",78,"78_12656",2015-05-25 21:26:20,2015-05-25 21:56:20,NA,30,1.62765001229332,56.013148,-6.201541,149.378743751114,149.378743751114,0.869166589159837
"79",12656,"Oronsay",79,"79_12656",2015-05-26 01:56:21,2015-05-26 05:26:16,240.025,209.916666666667,4.53819361176973,56.065033,-6.197777,37.2926964985838,14.0422313657317,1.51759569774952
"80",12656,"Oronsay",80,"80_12656",2015-05-26 06:56:16,2015-05-26 07:56:19,90,60.05,4.70741424738771,56.06455,-6.18655,35.1734478648279,22.5837432504877,1.91864844813871
"81",12656,"Oronsay",81,"81_12656",2015-05-26 14:26:13,2015-05-26 15:56:14,NA,90.025,3.24652011520725,56.052556,-6.196083,23.3417480269619,22.4468279875837,1.72529415480775
"82",12656,"Oronsay",82,"82_12656",2015-05-26 17:56:08,2015-05-26 20:56:09,119.9,180.016666666667,2.91909059672722,56.04607,-6.186466,51.2100345631308,39.1969379671136,0.947694980142441
"83",12656,"Oronsay",83,"83_12656",2015-05-27 02:26:07,2015-05-27 05:56:06,329.958333333333,209.983333333333,4.48794075057219,56.065661,-6.209372,14.815747601552,5.08462566584637,2.44129816381844
"85",12656,"Oronsay",85,"85_12656",2015-05-27 18:55:58,2015-05-27 21:55:57,NA,179.975,3.20804037194787,56.049661,-6.187461,37.4731891291466,33.8322221491623,1.48959988737859
"86",12656,"Oronsay",86,"86_12656",2015-05-28 02:25:53,2015-05-28 04:55:54,269.941666666667,150.008333333333,4.62000146448323,56.066259,-6.201615,14.5494950668597,11.0778260911268,2.47811373226602
"87",12656,"Oronsay",87,"87_12656",2015-05-28 15:25:53,2015-05-28 16:55:46,629.983333333333,89.8916666666667,3.26000790368489,56.052821,-6.196695,22.8280979842165,21.0418501041393,1.72892302599271
"88",12656,"Oronsay",88,"88_12656",2015-05-28 17:55:49,2015-05-28 21:25:45,60.05,209.933333333333,2.89816247387946,56.046138,-6.187168,37.2579348798323,38.3559207056497,1.39765300964206
"89",12656,"Oronsay",89,"89_12656",2015-05-29 02:25:41,2015-05-29 04:55:40,299.925,149.991666666667,4.51090647093972,56.064539,-6.19615,14.4060964808964,15.6908776151189,2.47108656162057
"90",12656,"Oronsay",90,"90_12656",2015-05-29 07:25:38,2015-05-29 08:25:40,149.966666666667,60.0333333333333,2.89641903678829,56.046732,-6.188653,36.1734585328457,36.1734585328457,1.56234769632073
"91",12656,"Oronsay",91,"91_12656",2015-05-29 17:55:31,2015-05-29 22:25:30,569.85,269.975,5.90924777218444,56.074144,-6.177577,48.0952067319538,23.7617064268676,1.11729123277829
"92",12656,"Oronsay",92,"92_12656",2015-05-30 01:55:26,2015-05-30 05:55:28,209.933333333333,240.041666666667,4.52284980514113,56.06465,-6.196148,15.119376135567,15.7723217760586,2.4575702449151
"93",12656,"Oronsay",93,"93_12656",2015-05-30 13:55:24,2015-05-30 21:55:19,NA,479.908333333333,6.05134070596686,56.075008,-6.175436,23.1644535606476,24.6361973346983,2.79309928043127
"94",12656,"Oronsay",94,"94_12656",2015-05-31 02:25:16,2015-05-31 05:25:17,269.95,180.025,4.5277715560541,56.064891,-6.197457,36.4963409118936,14.313041650782,1.25632235120313
"95",12656,"Oronsay",95,"95_12656",2015-05-31 15:25:10,2015-05-31 15:55:10,NA,30,3.24239191393127,56.002896,-6.248276,-141.936041443361,-141.936041443361,1.7549728471618
"96",12656,"Oronsay",96,"96_12656",2015-05-31 16:55:11,2015-05-31 17:25:09,60.0166666666667,29.975,2.78003584254073,56.005584,-6.242384,-143.915919050483,-143.915919050483,1.50706192675469
"97",12656,"Oronsay",97,"97_12656",2015-05-31 18:25:05,2015-05-31 21:25:04,59.925,179.991666666667,3.19165140792003,56.050389,-6.190098,35.1276761773777,29.5849216143805,1.55186519379153
"99",12656,"Oronsay",99,"99_12656",2015-06-02 03:24:52,2015-06-02 05:54:48,NA,149.941666666667,3.9883485209986,56.061283,-6.218418,-142.535146883442,-3.07714439063085,1.47603451411054
"101",12656,"Oronsay",101,"101_12656",2015-06-02 16:24:41,2015-06-02 21:54:41,NA,329.991666666667,5.11200547604981,56.06759,-6.182732,-42.37296728502,25.4328071532672,1.87559438442646
"104",12656,"Oronsay",104,"104_12656",2015-06-03 17:14:31,2015-06-03 17:44:32,NA,30.0166666666667,0.32146137086922,56.022662,-6.216447,-172.699077296187,-172.699077296187,0.137356300644051
"105",12656,"Oronsay",105,"105_12656",2015-06-03 20:44:29,2015-06-03 22:14:27,179.95,89.975,4.15401590130506,55.988309,-6.220778,154.560624389674,-175.586894505818,1.13228847352607
"106",12656,"Oronsay",106,"106_12656",2015-06-04 02:44:26,2015-06-04 04:44:22,269.975,119.941666666667,4.4524724545732,56.065409,-6.210993,19.1374237934298,3.25787897820182,1.86276472422375
"107",12656,"Oronsay",107,"107_12656",2015-06-04 13:44:22,2015-06-04 14:14:21,NA,29.9833333333333,5.63532808337878,56.07216,-6.180466,23.3975446781102,23.3975446781102,3.09625621723764
"108",12656,"Oronsay",108,"108_12656",2015-06-04 19:14:18,2015-06-04 20:44:18,299.941666666667,90,4.33410198165843,56.062517,-6.193991,18.3845743227507,18.3845743227507,2.37078114959688
"109",12656,"Oronsay",109,"109_12656",2015-06-04 21:14:18,2015-06-04 22:14:13,30,59.925,7.42030850036224,55.981863,-6.125602,141.90626448233,131.286351313529,2.44844526257328
"110",12656,"Oronsay",110,"110_12656",2015-06-05 02:14:17,2015-06-05 05:14:10,240.058333333333,179.891666666667,4.85913226655502,56.068536,-6.202562,18.2337299155689,9.75552438449138,2.25488628782044
"111",12656,"Oronsay",111,"111_12656",2015-06-05 09:44:14,2015-06-05 10:44:10,270.066666666667,59.9333333333333,3.33733708927538,56.054163,-6.199841,17.5661470392842,17.5661470392842,1.80375440748303
"113",12656,"Oronsay",113,"113_12656",2015-06-05 15:44:06,2015-06-05 16:14:06,NA,30.0083333333333,0.301448466459322,56.022882,-6.216732,-169.71584972045,-169.71584972045,0.126044305678689
"115",12656,"Oronsay",115,"115_12656",2015-06-06 02:13:59,2015-06-06 04:14:01,NA,120.025,4.51091067695054,56.064841,-6.198212,14.2689293811034,14.0357268206542,2.43586070001904
"116",12656,"Oronsay",116,"116_12656",2015-06-06 06:13:59,2015-06-06 06:43:59,119.966666666667,30,2.72629500837326,56.006389,-6.242828,-142.586935898818,-142.586935898818,1.46949508792986
"118",12656,"Oronsay",118,"118_12656",2015-06-06 12:13:58,2015-06-06 20:13:51,NA,479.875,5.79140713880984,56.073565,-6.179978,14.4230442339318,22.4325043514478,1.44560575915601
"119",12656,"Oronsay",119,"119_12656",2015-06-06 21:13:51,2015-06-06 22:13:46,60,59.925,3.27898330372797,56.052802,-6.19578,22.0330187696089,22.0330187696089,1.78285133210523
"120",12656,"Oronsay",120,"120_12656",2015-06-07 02:13:46,2015-06-07 05:13:44,240,179.958333333333,4.2904676199163,56.062353,-6.19539,17.4326869003783,17.5692217246106,2.31451850945621
"121",12656,"Oronsay",121,"121_12656",2015-06-07 06:43:44,2015-06-07 07:13:44,90.0083333333333,29.9916666666667,0.307958122377508,56.022777,-6.216366,-172.281973652115,-172.281973652115,0.113242652228269
"122",12656,"Oronsay",122,"122_12656",2015-06-07 14:13:40,2015-06-07 16:43:39,NA,149.991666666667,5.31018901820178,56.070445,-6.186997,44.1843571080632,19.7172075501348,2.13639194945464
"123",12656,"Oronsay",123,"123_12656",2015-06-07 19:43:38,2015-06-07 20:13:37,179.975,29.9916666666667,0.312711683636128,56.022715,-6.216148,-172.507525965645,-172.507525965645,0.121896202065201
"124",12656,"Oronsay",124,"124_12656",2015-06-07 20:43:36,2015-06-07 22:13:36,29.975,90.0083333333333,2.40930107843549,56.039707,-6.186349,108.885026909307,45.8544296691784,0.88823034291572
"125",12656,"Oronsay",125,"125_12656",2015-06-07 23:43:37,2015-06-08 01:43:36,90.0166666666667,119.983333333333,0.306147522193041,56.022831,-6.21668,-170.222849093995,145.401907223235,0.00564416496161053
"126",12656,"Oronsay",126,"126_12656",2015-06-08 02:13:36,2015-06-08 05:13:31,29.9916666666667,179.925,4.17866337501173,56.06141,-6.196016,18.8233950280669,17.3250438280171,2.25360646067272
"127",12656,"Oronsay",127,"127_12656",2015-06-08 12:13:32,2015-06-08 13:38:28,420.016666666667,84.9333333333333,4.49193507591487,56.064634,-6.197986,36.6207174709322,14.478098873581,1.74521913346063
"128",12656,"Oronsay",128,"128_12656",2015-06-08 14:58:28,2015-06-08 15:18:25,79.9916666666667,19.95,3.23206568739661,56.049175,-6.185497,36.1048983171518,36.1048983171518,2.6295438261959
"132",12656,"Oronsay",132,"132_12656",2015-06-10 03:18:11,2015-06-10 06:18:07,NA,179.941666666667,3.44684364118148,56.053742,-6.192853,21.108613525608,26.8818311485484,2.52011574670902
"136",12656,"Oronsay",136,"136_12656",2015-06-11 14:37:51,2015-06-11 14:57:50,NA,19.975,0.529845654095552,56.028333,-6.208672,61.7192071005694,61.7192071005694,0.355808163280329
"138",12656,"Oronsay",138,"138_12656",2015-06-12 03:17:42,2015-06-12 03:37:45,NA,20.05,0.33036044707647,56.023499,-6.219412,-172.768858214979,-172.768858214979,0.0567675436432979
"139",12656,"Oronsay",139,"139_12656",2015-06-12 05:37:43,2015-06-12 09:37:43,119.966666666667,239.991666666667,2.88354641799143,56.044357,-6.183793,44.3469467087123,43.8882446327885,2.24905927267225
"141",12656,"Oronsay",141,"141_12656",2015-06-12 15:57:36,2015-06-12 22:37:33,NA,399.941666666667,6.55516330358545,56.077937,-6.16767,44.119385733078,27.1050683861679,2.29244251642277
"142",12656,"Oronsay",142,"142_12656",2015-06-13 01:57:32,2015-06-13 05:37:29,199.983333333333,219.958333333333,4.22393716693863,56.062782,-6.202968,34.6180425486692,10.7417832124746,1.45868598578077
"144",12656,"Oronsay",144,"144_12656",2015-06-13 16:52:26,2015-06-14 06:12:17,NA,799.858333333333,4.73833980818218,56.066054,-6.192453,41.9300905764711,17.437231804469,4.68320756421611
"146",12656,"Oronsay",146,"146_12656",2015-06-15 02:02:33,2015-06-15 06:32:34,NA,270.008333333333,4.77093221469722,56.066088,-6.190961,17.216723712689,19.0175446758253,4.91204305888508
"148",12656,"Oronsay",148,"148_12656",2015-06-16 10:07:19,2015-06-16 12:07:16,NA,119.941666666667,6.33761824308306,56.076884,-6.171747,58.1255189850877,25.6953002635573,4.52847004343013
"149",12656,"Oronsay",149,"149_12656",2015-06-16 14:47:17,2015-06-16 20:27:10,160.016666666667,339.891666666667,3.15143482601377,56.00135,-6.241851,-144.14675695174,-149.845598010001,2.21860463038301
"153",12656,"Oronsay",153,"153_12656",2015-06-18 17:31:47,2015-06-19 06:01:43,NA,749.933333333333,4.3021223407492,56.062247,-6.194167,-144.90171930791,17.8867918583498,1.9647902731912
"156",12656,"Oronsay",156,"156_12656",2015-06-22 02:01:05,2015-06-22 06:01:06,NA,240.016666666667,4.56869611544768,56.065447,-6.198749,13.7964303229732,12.6929428644883,2.49493346023576
"158",12656,"Oronsay",158,"158_12656",2015-06-23 01:30:51,2015-06-23 06:00:57,NA,270.108333333333,4.65144322238504,56.065874,-6.196328,14.3133962555662,15.30716337156,2.48090260133501
"160",12656,"Oronsay",160,"160_12656",2015-06-24 01:55:43,2015-06-24 22:35:27,NA,1239.73333333333,18.7913713941982,56.192329,-6.261149,25.2847279740465,-8.63125798957317,7.96542883708551
"162",12656,"Oronsay",162,"162_12656",2015-06-25 14:35:20,2015-06-26 06:15:15,NA,939.916666666667,5.94604270343993,56.078851,-6.219697,25.0289836732656,-2.51846433689586,2.73814413911916
"163",12656,"Oronsay",163,"163_12656",2015-06-26 08:35:12,2015-06-26 09:55:14,139.941666666667,80.0416666666667,0.352755130871869,56.022624,-6.217873,-161.716290866146,-166.593976302418,0.210919185887898
"165",12656,"Oronsay",165,"165_12656",2015-06-26 14:15:08,2015-06-26 16:35:09,NA,140.016666666667,8.90036492865205,56.105424,-6.213035,-19.0973306844989,1.05776397324209,4.98502548070756
"167",12656,"Oronsay",167,"167_12656",2015-06-27 13:55:01,2015-06-27 14:15:01,NA,20,0.414288932830755,56.028432,-6.219591,-47.7371102429399,-47.7371102429399,0.271870034153816
"168",12656,"Oronsay",168,"168_12656",2015-06-27 15:54:55,2015-06-28 05:54:49,99.9,839.9,9.09837088579346,56.107112,-6.222804,-29.3671844881676,-2.96696183871377,5.18103299352272
"169",12656,"Oronsay",169,"169_12656",2015-06-28 14:14:46,2015-06-28 22:14:36,NA,479.841666666667,3.02540067479904,56.004156,-6.245519,-111.624765958782,-143.040943680144,1.44578549265308
"170",12656,"Oronsay",170,"170_12656",2015-06-28 22:54:39,2015-06-29 13:54:34,40.05,899.908333333333,6.94383757719281,56.081506,-6.166475,-31.5489610999175,26.312193451244,2.06978237093631
"171",12656,"Oronsay",171,"171_12656",2015-06-29 15:34:31,2015-06-29 15:54:32,99.9583333333333,20.0083333333333,0.335447873232149,56.028465,-6.214546,11.5168371916597,11.5168371916597,0.209004372284635
"172",12656,"Oronsay",172,"172_12656",2015-06-29 18:34:28,2015-06-29 22:34:26,159.933333333333,239.966666666667,2.16096097015922,56.011798,-6.240041,-132.34357213881,-136.446292482147,1.61549099502288
"173",12656,"Oronsay",173,"173_12656",2015-06-30 00:19:28,2015-06-30 05:19:25,105.041666666667,299.95,4.57665950614334,56.063618,-6.242979,-45.6246250070166,-22.3854344266812,1.45892273638598
"174",12656,"Oronsay",174,"174_12656",2015-06-30 05:49:22,2015-06-30 06:49:23,29.95,60.0083333333333,0.338069053448093,56.022916,-6.218347,-157.844773663406,-157.844773663406,0.138982779559161
"175",12656,"Oronsay",175,"175_12656",2015-06-30 07:49:21,2015-06-30 12:49:18,59.9666666666667,299.958333333333,0.341100997882858,56.022752,-6.217918,-157.749605928841,-162.218754698453,0.140114222972984
"177",12656,"Oronsay",177,"177_12656",2015-07-01 02:19:12,2015-07-01 04:49:12,NA,150,2.01607541152025,56.014079,-6.240587,-129.270000533308,-130.392428758377,0.968358355992845
"178",12656,"Oronsay",178,"178_12656",2015-07-01 05:49:13,2015-07-01 06:19:17,60.0083333333333,30.0666666666667,1.85730303478361,56.019646,-6.187609,112.813984702238,112.813984702238,0.988876380007212
"179",12656,"Oronsay",179,"179_12656",2015-07-01 07:19:13,2015-07-01 07:49:13,59.9416666666667,30,2.43343177979088,56.005244,-6.200849,158.325267682356,158.325267682356,1.31375943715812
"180",12656,"Oronsay",180,"180_12656",2015-07-01 10:49:09,2015-07-01 21:19:04,NA,629.916666666667,7.71488673657092,56.094493,-6.204066,26.3536751314653,5.16810896768323,3.46251877145431
"181",12656,"Oronsay",181,"181_12656",2015-07-01 22:49:04,2015-07-02 05:48:59,90.0083333333333,419.908333333333,4.62348352963094,56.065437,-6.195182,43.8727270870352,16.555878058855,1.21851516573762
"183",12656,"Oronsay",183,"183_12656",2015-07-02 16:48:52,2015-07-03 05:18:47,NA,749.908333333333,4.66437565991707,56.06455,-6.188403,21.8434224734898,21.4917785539709,2.52495127318837
"187",12656,"Oronsay",187,"187_12656",2015-07-05 05:58:22,2015-07-05 06:28:20,NA,29.9666666666667,0.303104661194352,56.022822,-6.214627,163.910733455505,163.910733455505,0.0298505567755454
"188",12656,"Oronsay",188,"188_12656",2015-07-05 12:28:14,2015-07-05 14:28:17,NA,120.05,6.46573031288094,56.077303,-6.168609,44.5301041669843,27.1512663351792,2.00975334081029
"189",12656,"Oronsay",189,"189_12656",2015-07-05 15:28:22,2015-07-05 15:58:16,60.0833333333333,29.9,0.362509696853069,56.022458,-6.217572,-158.309428171285,-158.309428171285,0.173644700045011
"190",12656,"Oronsay",190,"190_12656",2015-07-05 17:28:13,2015-07-05 20:58:10,89.9416666666667,209.95,3.07601683154864,56.004425,-6.247389,-142.576017788236,-140.379918073524,1.49809813907141
"191",12656,"Oronsay",191,"191_12656",2015-07-05 21:28:12,2015-07-05 21:58:14,30.0416666666667,30.0333333333333,3.44100004608908,56.044237,-6.171602,53.0820834154751,53.0820834154751,1.83538900063371
"194",12656,"Oronsay",194,"194_12656",2015-07-06 15:58:03,2015-07-06 17:58:03,NA,119.991666666667,4.25396293708995,56.062097,-6.195901,14.6830576545946,14.6830576545946,2.28112894264439
"195",12656,"Oronsay",195,"195_12656",2015-07-06 19:27:57,2015-07-06 21:57:59,89.9083333333333,150.033333333333,2.11904239302741,56.010173,-6.235643,-140.625294501744,-142.879368353685,1.0470701162654
"196",12656,"Oronsay",196,"196_12656",2015-07-07 00:28:01,2015-07-07 07:27:56,150.033333333333,419.916666666667,4.66420947119179,56.065511,-6.193334,16.2902824499123,16.8575881654834,2.32464507294267
"197",12656,"Oronsay",197,"197_12656",2015-07-07 11:27:54,2015-07-07 15:32:52,NA,244.958333333333,4.21859637472393,56.061956,-6.197065,16.3266639769227,15.7837738454008,2.23313653816308
"198",12656,"Oronsay",198,"198_12656",2015-07-07 16:52:47,2015-07-07 21:52:45,79.9166666666667,299.966666666667,4.05651108094602,56.038477,-6.154698,47.1811193317258,69.9254744427886,1.36884628228504
"199",12656,"Oronsay",199,"199_12656",2015-07-08 01:12:45,2015-07-09 09:47:35,200.008333333333,1954.825,12.0101041954145,56.124795,-6.140161,16.1402551356291,22.9249726807183,5.26071181569213
"200",12656,"Oronsay",200,"200_12656",2015-07-09 10:57:27,2015-07-09 20:47:22,69.875,589.908333333333,8.00993330219573,56.097226,-6.205617,42.0085256555608,4.49153236899046,6.50612803778159
"201",12656,"Oronsay",201,"201_12656",2015-07-09 21:07:24,2015-07-09 22:57:23,20.0333333333333,109.983333333333,2.12554772822728,56.013231,-6.241613,-133.132466838832,-131.650313983718,2.41339478865112
"202",12656,"Oronsay",202,"202_12656",2015-07-10 02:27:19,2015-07-10 08:32:19,209.933333333333,365,2.87567028006699,56.005235,-6.244085,-127.049706219603,-142.344038924386,1.57007507925953
"203",12656,"Oronsay",203,"203_12656",2015-07-10 11:12:12,2015-07-10 18:12:13,159.883333333333,420.025,5.15375915212552,56.06802,-6.18282,-136.242804766096,21.9856034433435,3.16450699088068
"204",12656,"Oronsay",204,"204_12656",2015-07-10 18:32:13,2015-07-11 05:12:05,19.9916666666667,639.866666666667,2.2595440482812,56.011835,-6.242287,-116.7090498296,-133.37515703061,0.997773666680829
"205",12656,"Oronsay",205,"205_12656",2015-07-11 12:52:01,2015-07-12 08:16:52,NA,1164.85,4.60625880253987,56.064124,-6.189021,44.8073819633144,22.1872291521753,2.54836034862622
"207",12656,"Oronsay",207,"207_12656",2015-07-13 01:11:40,2015-07-13 01:51:40,NA,40,0.338043961485642,56.022524,-6.214427,143.57711615404,143.57711615404,0.0639516034652907
"208",12656,"Oronsay",208,"208_12656",2015-07-13 02:11:42,2015-07-13 06:31:40,20.0333333333333,259.975,2.18310193438544,56.01315,-6.24269,154.000623643215,-123.321202915528,1.36948830589429
"210",12656,"Oronsay",210,"210_12656",2015-07-13 17:01:35,2015-07-13 21:41:32,NA,279.95,3.38339069896137,56.040265,-6.168064,45.0428450412906,61.6393268452628,2.27247953053641
"211",12656,"Oronsay",211,"211_12656",2015-07-14 01:56:29,2015-07-14 05:26:30,254.958333333333,210.008333333333,2.16866823431249,56.012959,-6.242108,-134.566118073972,-128.085033680391,1.02237200038562
"214",12656,"Oronsay",214,"214_12656",2015-07-14 20:51:22,2015-07-14 22:31:17,NA,99.9166666666667,2.08597793094966,56.013393,-6.241027,-133.587011971124,-132.315832714932,1.48127144097731
"215",12656,"Oronsay",215,"215_12656",2015-07-15 02:11:18,2015-07-15 05:51:15,220.025,219.95,2.16168300834639,56.01339,-6.242594,-134.373079445191,-123.772986123201,1.46806077670489
"217",12696,"Oronsay",1,"1_12696",2014-06-04 13:02:49,2014-06-04 16:42:47,NA,219.966666666667,0.859672033102876,56.018167,-6.219815,-178.204201138826,-162.147999562477,0.27136772233673
"218",12696,"Oronsay",2,"2_12696",2014-06-04 19:22:40,2014-06-04 20:02:40,159.875,40,0.600382961147046,56.020277,-6.217893,-167.14480589797,-164.953204196178,0.462558631380272
"219",12696,"Oronsay",3,"3_12696",2014-06-05 04:22:34,2014-06-05 04:42:34,499.9,20,0.622012857903363,56.020376,-6.219474,-161.83964924122,-161.83964924122,0.456078139938594
"220",12696,"Oronsay",4,"4_12696",2014-06-05 05:02:33,2014-06-05 05:22:33,19.9916666666667,19.9916666666667,0.376923675787102,56.02241,-6.217969,-160.060728009228,-160.060728009228,0.291428462494194
"221",12696,"Oronsay",5,"5_12696",2014-06-05 05:42:33,2014-06-05 06:02:33,20,20,0.593525533120951,56.020523,-6.218909,-157.422664618799,-157.422664618799,0.475118910843221
"222",12696,"Oronsay",6,"6_12696",2014-06-05 07:02:32,2014-06-05 07:22:32,59.9833333333333,20,0.35713414136399,56.022596,-6.217932,-155.816311290197,-155.816311290197,0.2925173438139
"223",12696,"Oronsay",7,"7_12696",2014-06-05 10:02:34,2014-06-05 10:42:29,160.033333333333,39.925,0.790369076520239,56.018799,-6.219682,-160.953029275716,-161.998292788796,0.637084153735752
"224",12696,"Oronsay",8,"8_12696",2014-06-05 11:22:29,2014-06-05 12:22:29,39.9916666666667,60.0083333333333,6.45018143299923,56.023657,-6.112106,80.9084333695687,91.5797549586525,5.11049709222837
"225",12696,"Oronsay",9,"9_12696",2014-06-05 14:22:30,2014-06-05 15:17:30,120.016666666667,55,7.03669024134528,56.035729,-6.104118,80.5198120643077,80.5198120643077,5.8464861445353
"226",12696,"Oronsay",10,"10_12696",2014-06-05 17:17:31,2014-06-05 17:47:28,120.016666666667,29.9416666666667,0.607325006525966,56.0202,-6.217802,-166.078001328747,-166.078001328747,0.327153325359856
"227",12696,"Oronsay",11,"11_12696",2014-06-05 18:17:25,2014-06-05 18:47:25,29.95,30,0.513137234173112,56.020965,-6.216965,-169.287001511638,-169.287001511638,0.267744177546244
"228",12696,"Oronsay",12,"12_12696",2014-06-05 19:47:23,2014-06-05 20:47:22,59.9666666666667,59.9916666666667,7.22745807823394,56.036616,-6.101281,80.1164327917083,80.1164327917083,4.01351937003401
"229",12696,"Oronsay",13,"13_12696",2014-06-05 23:17:24,2014-06-06 00:17:21,150.033333333333,59.9416666666667,5.99278348603897,56.034359,-6.120687,80.891222799505,80.891222799505,3.28028524715179
"230",12696,"Oronsay",14,"14_12696",2014-06-06 02:17:19,2014-06-06 03:47:18,119.975,89.9833333333333,0.65517357942353,56.020567,-6.221228,-150.142763463386,-145.781135159435,0.201266256726853
"231",12696,"Oronsay",15,"15_12696",2014-06-06 05:17:17,2014-06-06 05:47:17,89.9833333333333,29.9916666666667,0.570004423201162,56.020494,-6.217413,-168.886304434543,-168.886304434543,0.305500027583743
"232",12696,"Oronsay",16,"16_12696",2014-06-06 07:17:16,2014-06-06 10:17:17,89.9833333333333,180.025,17.6211369161789,55.873177,-6.292042,161.867887301156,-164.213725621222,5.02371456968952
"233",12696,"Oronsay",17,"17_12696",2014-06-06 14:17:11,2014-06-06 14:47:14,239.9,30.0416666666667,0.300688233689273,56.023098,-6.217704,-151.813815141425,-151.813815141425,0.157502472513072
"234",12696,"Oronsay",18,"18_12696",2014-06-06 18:17:13,2014-06-06 19:17:10,209.983333333333,59.95,1.50335066999806,56.026186,-6.19142,86.3931343659232,86.3931343659232,0.824252120494772
"235",12696,"Oronsay",19,"19_12696",2014-06-06 20:17:09,2014-06-06 21:17:06,59.9833333333333,59.9583333333333,6.19070909795106,56.001067,-6.126341,104.280825325225,115.99346017481,2.28139184331408
"236",12696,"Oronsay",20,"20_12696",2014-06-06 21:47:06,2014-06-06 22:17:06,29.9916666666667,30,0.589628081375441,56.020215,-6.214902,171.25104649744,171.25104649744,0.173434085324593
"237",12696,"Oronsay",21,"21_12696",2014-06-07 02:17:03,2014-06-07 03:47:02,239.95,89.9833333333333,0.524121926168566,56.02106,-6.218292,-147.954443473357,-159.974196623088,0.175459105833194
"238",12696,"Oronsay",22,"22_12696",2014-06-07 04:17:01,2014-06-07 04:47:02,29.9916666666667,30.0083333333333,0.669091180651444,56.020896,-6.222396,-144.751084376125,-144.751084376125,0.335907248055622
"239",12696,"Oronsay",23,"23_12696",2014-06-07 07:16:59,2014-06-07 08:47:02,149.958333333333,90.0416666666667,4.39750979549304,56.028491,-6.145172,85.5636437592775,85.5636437592775,2.43587097928141
"240",12696,"Oronsay",24,"24_12696",2014-06-07 10:17:00,2014-06-07 10:46:59,89.975,29.975,0.480245332287722,56.021194,-6.215055,176.338705420714,176.338705420714,0.264568053202733
"241",12696,"Oronsay",25,"25_12696",2014-06-07 11:16:59,2014-06-07 13:16:59,30,120,5.24769731115869,56.056199,-6.151614,49.2419951377828,49.2419951377828,2.9122892573158
"242",12696,"Oronsay",26,"26_12696",2014-06-07 15:46:53,2014-06-07 16:46:57,149.908333333333,60.0666666666667,6.07336666136217,56.079671,-6.204087,6.10160178742105,6.10160178742105,3.33717263994533
"243",12696,"Oronsay",27,"27_12696",2014-06-07 20:46:51,2014-06-07 21:46:52,239.891666666667,60.025,0.557485385843719,56.020747,-6.218311,-171.605150997302,-171.605150997302,0.151719193369208
"244",12696,"Oronsay",28,"28_12696",2014-06-08 01:46:47,2014-06-08 03:46:46,239.916666666667,119.975,1.68587387807595,56.014776,-6.234585,-151.476621024963,-134.819264197735,0.666303091314089
"245",12696,"Oronsay",29,"29_12696",2014-06-08 05:16:45,2014-06-08 05:46:48,89.9916666666667,30.05,0.602600046438663,56.020394,-6.218704,-162.971120329828,-162.971120329828,0.275357017378441
"246",12696,"Oronsay",30,"30_12696",2014-06-08 06:16:48,2014-06-08 06:46:45,29.9916666666667,29.95,0.353722865551718,56.02233,-6.215127,175.020579124111,175.020579124111,0.182835712180537
"247",12696,"Oronsay",31,"31_12696",2014-06-08 08:46:44,2014-06-08 09:16:50,119.983333333333,30.1083333333333,4.44472152512522,56.000367,-6.270865,-128.921620130758,-128.921620130758,2.46329933575236
"248",12696,"Oronsay",32,"32_12696",2014-06-08 10:16:48,2014-06-08 10:46:46,59.9583333333333,29.9666666666667,0.371111703651514,56.022374,-6.213435,157.306900160113,157.306900160113,0.196601920579388
"249",12696,"Oronsay",33,"33_12696",2014-06-08 11:16:45,2014-06-08 11:46:43,29.9916666666667,29.9666666666667,0.679439542254192,56.020252,-6.22106,-149.836686309553,-149.836686309553,0.370257072341272
"250",12696,"Oronsay",34,"34_12696",2014-06-08 12:46:46,2014-06-08 13:46:40,60.0416666666667,59.9083333333333,2.23993229656948,56.009701,-6.237735,-141.529009172609,-141.529009172609,1.24595597095431
"251",12696,"Oronsay",35,"35_12696",2014-06-08 14:16:40,2014-06-08 14:46:47,30,30.1083333333333,6.29353440822636,56.040681,-6.118253,74.4710977228896,74.4710977228896,3.48566395092405
"252",12696,"Oronsay",36,"36_12696",2014-06-08 15:16:47,2014-06-08 16:16:43,30,59.9416666666667,2.06375378037034,56.010943,-6.235985,-141.422323294449,-141.422323294449,1.14472538314659
"253",12696,"Oronsay",37,"37_12696",2014-06-08 17:16:47,2014-06-08 18:16:41,60.0583333333333,59.9,2.10588808563938,56.010442,-6.235933,-139.42985320952,-142.452861691529,1.06848711511183
"254",12696,"Oronsay",38,"38_12696",2014-06-08 19:16:41,2014-06-08 20:16:38,60.0083333333333,59.9416666666667,1.85538407583155,56.012868,-6.234904,-139.431486792399,-139.431486792399,1.02433764017028
"255",12696,"Oronsay",39,"39_12696",2014-06-08 21:16:37,2014-06-08 22:16:36,59.9833333333333,59.9916666666667,2.14052267490113,56.010104,-6.236055,-141.140630841986,-141.972414005157,1.10606854131749
"256",12696,"Oronsay",40,"40_12696",2014-06-08 23:16:37,2014-06-09 03:46:33,60.0083333333333,269.941666666667,2.23965365020198,56.009658,-6.23763,-142.441966675544,-142.073144176653,1.22173149038735
"257",12696,"Oronsay",41,"41_12696",2014-06-09 04:16:33,2014-06-09 04:46:33,29.9916666666667,30,0.423467087665793,56.022185,-6.218829,-147.773813149079,-147.773813149079,0.22330430201936
"258",12696,"Oronsay",42,"42_12696",2014-06-09 05:46:32,2014-06-09 07:46:34,59.9833333333333,120.033333333333,13.8341708042234,55.912461,-6.123534,109.63802712541,155.385234673923,3.30656265478579
"293",12696,"Oronsay",77,"77_12696",2014-07-15 19:06:39,2014-07-15 19:36:40,NA,30.0166666666667,2.63694364679945,56.02165,-6.173773,101.027080778021,101.027080778021,1.41920944694545
"294",12696,"Oronsay",78,"78_12696",2014-07-16 01:36:36,2014-07-16 06:36:38,359.933333333333,300.025,4.73654061489977,56.066058,-6.192571,17.7097330498739,17.9102023456044,2.28103545045213
"295",12696,"Oronsay",79,"79_12696",2014-07-16 12:06:34,2014-07-16 22:36:25,329.941666666667,629.85,6.35190054855525,56.076718,-6.170607,27.8433355090644,26.3949469181692,1.76560927906427
"312",12696,"Oronsay",96,"96_12696",2015-05-10 02:37:11,2015-05-10 21:07:02,NA,1109.85,6.99186334452775,56.08198,-6.166453,15.1189388619255,26.1965714344673,2.46096909257132
"314",12696,"Oronsay",98,"98_12696",2015-05-12 02:36:49,2015-05-12 08:06:44,NA,329.925,6.93417656448927,56.081297,-6.166068,15.3746264147556,27.4509141845404,2.40264089794068
"318",12696,"Oronsay",102,"102_12696",2015-05-15 02:26:08,2015-05-15 21:55:59,NA,1169.85,7.14894634605819,56.083254,-6.165369,26.7089039724839,26.1183742035252,3.79366098585281
"321",12696,"Oronsay",105,"105_12696",2015-05-17 02:35:44,2015-05-17 06:35:42,NA,239.958333333333,5.00235746083916,56.06617,-6.249607,23.3021731509259,-25.9724447393018,1.71923144266459
"322",12696,"Oronsay",106,"106_12696",2015-05-17 07:05:40,2015-05-17 09:35:44,29.975,150.058333333333,0.481532657149656,56.022803,-6.209463,121.305064780895,125.278073672814,0.217585371342948
"323",12696,"Oronsay",107,"107_12696",2015-05-17 10:35:39,2015-05-17 12:05:41,59.925,90.0333333333333,6.0530442560872,56.074816,-6.174622,25.2896821660123,25.2896821660123,3.32933336044745
"324",12696,"Oronsay",108,"108_12696",2015-05-17 15:05:41,2015-05-17 21:35:36,NA,389.925,5.00844965816181,56.066159,-6.249878,-141.114241294678,-25.9714707756154,1.58605997842276
"325",12696,"Oronsay",109,"109_12696",2015-05-18 04:05:33,2015-05-18 05:05:29,389.95,59.925,0.50236415010538,56.02178,-6.210941,122.802726751839,122.802726751839,0.147851909360307
"326",12696,"Oronsay",110,"110_12696",2015-05-18 05:35:28,2015-05-18 06:35:29,29.9916666666667,60.0083333333333,2.76559016882452,56.005914,-6.242771,-145.178437147221,-142.704865274776,1.15955233578343
"327",12696,"Oronsay",111,"111_12696",2015-05-18 07:35:28,2015-05-18 14:35:28,59.9916666666667,419.991666666667,7.41719244755543,56.085635,-6.164281,137.87721026801,25.9547689350309,3.83919730611864
"328",12696,"Oronsay",112,"112_12696",2015-05-18 17:05:23,2015-05-18 17:35:23,149.916666666667,30,2.44812822957155,56.025835,-6.254759,-90.2953005648088,-90.2953005648088,1.33182112565699
"329",12696,"Oronsay",113,"113_12696",2015-05-18 18:05:25,2015-05-18 21:35:21,30.0416666666667,209.933333333333,3.34608526609814,56.052861,-6.193296,24.4473722020938,24.7044473353952,1.78295487016119
"330",12696,"Oronsay",114,"114_12696",2015-05-19 02:35:17,2015-05-19 08:05:12,299.933333333333,329.916666666667,6.50596853914343,56.077489,-6.167839,24.9248477535748,27.5005517957837,1.73709244651774
"331",12696,"Oronsay",115,"115_12696",2015-05-19 09:05:15,2015-05-19 13:35:15,60.0416666666667,270,5.6181572660416,56.071641,-6.179012,26.6998967846841,24.2371524245132,2.04490830018207
"332",12696,"Oronsay",116,"116_12696",2015-05-19 17:05:10,2015-05-19 20:35:10,209.916666666667,210,5.11935300109852,56.067801,-6.183309,23.0009001916008,23.6456536066851,1.70983246559205
"333",12696,"Oronsay",117,"117_12696",2015-05-20 02:35:07,2015-05-20 05:35:04,359.958333333333,179.95,4.15085392128152,56.06214,-6.203214,21.3711887807317,10.6167410949341,1.84440544810681
"334",12696,"Oronsay",118,"118_12696",2015-05-20 06:35:07,2015-05-20 09:35:03,60.05,179.925,7.18395176970787,56.083528,-6.165091,39.2447102303078,26.2928980866645,1.45849305545854
"338",12696,"Oronsay",122,"122_12696",2015-05-21 12:34:34,2015-05-21 22:04:28,NA,569.9,7.08332670395071,56.087976,-6.194065,27.4433482224757,11.0246251040794,3.57927701516553
"340",12696,"Oronsay",124,"124_12696",2015-06-26 08:48:30,2015-06-26 09:33:33,NA,45.05,0.330719903159548,56.022968,-6.218273,-144.081838103589,-143.10068379159,0.161575165042946
"341",12696,"Oronsay",125,"125_12696",2015-06-26 10:18:37,2015-06-26 10:48:33,45.0666666666667,29.9333333333333,0.32251300732143,56.023027,-6.218193,-169.510551406072,-169.510551406072,0.042271894554085
"342",12696,"Oronsay",126,"126_12696",2015-06-26 11:33:30,2015-06-26 14:53:26,44.95,199.933333333333,12.5484887108126,56.1382,-6.215234,4.54909449855876,0.281960241704243,Inf
"344",12696,"Oronsay",128,"128_12696",2015-06-27 01:13:26,2015-06-27 04:33:16,NA,199.841666666667,1.9364786881212,56.015156,-6.240464,170.31318927079,-121.211243964696,1.22440230340602
"345",12696,"Oronsay",129,"129_12696",2015-06-27 04:53:21,2015-06-27 06:08:14,20.0833333333333,74.875,0.352156236008653,56.022821,-6.218502,-148.918361261551,-149.430653253561,0.280745313363522
"347",12696,"Oronsay",131,"131_12696",2015-06-28 08:37:59,2015-06-28 10:07:56,NA,89.9583333333333,1.06418706653285,56.019698,-6.229062,-90.4107617537165,-115.889710125914,0.42262739578604
"348",12696,"Oronsay",132,"132_12696",2015-06-28 12:32:57,2015-06-28 20:52:47,145.008333333333,499.841666666667,6.58696947610466,56.081532,-6.249416,-30.8369478157908,-17.4550888964387,3.4763449031943
"349",12696,"Oronsay",133,"133_12696",2015-06-28 21:32:47,2015-06-29 04:52:42,39.9916666666667,439.916666666667,2.25584453975707,56.012504,-6.243251,-131.672131001637,-130.960525333839,0.870201736391392
"351",12696,"Oronsay",135,"135_12696",2015-07-01 07:27:09,2015-07-01 10:57:08,NA,209.991666666667,3.0587557524422,56.004709,-6.247556,160.1045744214,-139.124382764038,0.938007307682646
"352",12697,"Oronsay",1,"1_12697",2014-06-04 10:19:53,2014-06-04 16:44:40,NA,384.783333333333,2.86531981933902,56.015137,-6.257558,-58.6891932697311,-117.146171340844,3.53873359429893
"353",12697,"Oronsay",2,"2_12697",2014-06-04 17:54:39,2014-06-04 18:54:37,69.975,59.9666666666667,1.15629363589068,56.031975,-6.23,-49.4508807888072,-53.4219369298292,1.50229934641194
"354",12697,"Oronsay",3,"3_12697",2014-06-05 02:59:32,2014-06-05 06:39:29,484.916666666667,219.958333333333,1.13568570385811,56.031451,-6.230294,-50.0675130177136,-55.9338193343804,0.735158619597039
"355",12697,"Oronsay",4,"4_12697",2014-06-05 14:59:26,2014-06-05 16:39:24,499.941666666667,99.9666666666667,1.05081840817522,56.031452,-6.22858,-52.9641678758885,-53.0872055446359,0.805234864421096
"356",12697,"Oronsay",5,"5_12697",2014-06-05 16:59:27,2014-06-05 17:39:26,20.05,39.9833333333333,0.977829953301452,56.031242,-6.227367,-45.1529852178068,-52.3409958670429,0.699328854314027
"357",12697,"Oronsay",6,"6_12697",2014-06-05 18:39:24,2014-06-05 18:59:23,59.975,19.975,0.938679563013296,56.030881,-6.22709,-55.2647067309704,-55.2647067309704,0.714565078756889
"358",12697,"Oronsay",7,"7_12697",2014-06-06 03:39:19,2014-06-06 03:59:19,519.941666666667,19.9916666666667,1.13952376039664,56.031523,-6.230277,-57.4046331041327,-57.4046331041327,0.88950602385395
"359",12697,"Oronsay",8,"8_12697",2014-06-06 05:19:17,2014-06-06 06:19:16,79.9666666666667,59.9833333333333,0.975267880455695,56.031254,-6.227294,-51.6217836034542,-51.6217836034542,0.771194749269882
"360",12697,"Oronsay",9,"9_12697",2014-06-06 07:39:15,2014-06-06 08:19:15,79.9916666666667,39.9916666666667,1.2423308106088,56.034406,-6.227504,-38.7067428504051,-38.7067428504051,0.977471792926498
"361",12697,"Oronsay",10,"10_12697",2014-06-06 08:59:15,2014-06-06 09:59:16,40,60.025,2.87016219509315,56.044191,-6.183792,42.2082621767452,41.775317625034,1.95923444365724
"362",12697,"Oronsay",11,"11_12697",2014-06-06 10:59:14,2014-06-06 14:39:12,59.9583333333333,219.966666666667,10.7922496726227,56.120047,-6.177331,-70.8626108832212,12.6695043926825,4.72179022108737
"363",12697,"Oronsay",12,"12_12697",2014-06-06 15:59:14,2014-06-06 17:24:10,80.0333333333333,84.9333333333333,1.00457506900905,56.031228,-6.227949,-58.2739264754985,-53.8450790727333,0.756341745983157
"364",12697,"Oronsay",13,"13_12697",2014-06-06 17:54:10,2014-06-06 19:54:09,30,119.983333333333,1.00030527791127,56.031188,-6.227919,-48.8191848925466,-48.8191848925466,0.512477214595533
"365",12697,"Oronsay",14,"14_12697",2014-06-07 04:54:04,2014-06-07 07:24:02,539.916666666667,149.966666666667,1.05514774703589,56.031617,-6.228426,-62.2929890181432,-52.2008195061353,0.382318828341934
"366",12697,"Oronsay",15,"15_12697",2014-06-07 08:54:02,2014-06-07 09:54:03,90.0083333333333,60.0166666666667,1.02532500817733,56.034245,-6.220653,-23.8361133141453,-19.7711355088232,0.506894291257752
"367",12697,"Oronsay",16,"16_12697",2014-06-07 15:54:05,2014-06-07 18:53:57,360.033333333333,179.858333333333,1.17666853382853,56.034673,-6.224872,-56.1326608784397,-31.2027234129573,0.632833859843488
"368",12697,"Oronsay",17,"17_12697",2014-06-07 19:53:56,2014-06-07 20:53:56,59.9833333333333,60,0.905053473101274,56.030663,-6.226712,-46.8315121344511,-53.2817033666921,0.475448873409989
"369",12697,"Oronsay",18,"18_12697",2014-06-08 03:23:52,2014-06-08 03:53:52,389.933333333333,30,2.13536622946681,56.013985,-6.242883,-127.64676765166,-127.64676765166,1.13936858681558
"370",12697,"Oronsay",19,"19_12697",2014-06-08 05:23:51,2014-06-08 05:53:50,89.9833333333333,29.9916666666667,0.926646740035431,56.033337,-6.220502,-20.9019866326018,-20.9019866326018,0.503528482004186
"371",12697,"Oronsay",20,"20_12697",2014-06-08 06:23:50,2014-06-08 07:53:49,29.9916666666667,89.9916666666667,1.03768641435769,56.031573,-6.228125,-61.8799113695103,-53.608635841395,0.474495011968763
"372",12697,"Oronsay",21,"21_12697",2014-06-08 10:23:48,2014-06-08 11:23:47,149.975,59.9916666666667,1.00073833449345,56.033998,-6.220727,-20.6782820432689,-20.6782820432689,0.523088517404012
"373",12697,"Oronsay",22,"22_12697",2014-06-08 12:53:50,2014-06-08 13:23:49,90.0416666666667,29.9916666666667,0.796866055276499,56.032656,-6.215303,-0.131854144562725,-0.131854144562725,0.404225945683601
"374",12697,"Oronsay",23,"23_12697",2014-06-08 16:23:48,2014-06-08 17:53:47,179.983333333333,89.975,1.12847447236256,56.035519,-6.218232,-20.6501333044104,-9.5048906263543,0.382885478992551
"375",12697,"Oronsay",24,"24_12697",2014-06-08 19:23:43,2014-06-08 20:23:42,89.9333333333333,59.9916666666667,0.968922172871912,56.031404,-6.226917,-49.5070008427587,-49.5989893033486,0.513715770089752
"376",12697,"Oronsay",25,"25_12697",2014-06-08 20:53:42,2014-06-08 21:53:42,29.9916666666667,60,1.00198628191782,56.031404,-6.227629,-48.7999918220568,-51.0191205587429,0.520263019050436
"377",12697,"Oronsay",26,"26_12697",2014-06-09 03:53:38,2014-06-09 04:23:38,359.933333333333,30,2.15773533012038,56.01511,-6.244708,-123.395015805874,-123.395015805874,1.16144210054183
"378",12697,"Oronsay",27,"27_12697",2014-06-09 05:53:37,2014-06-09 06:23:37,89.9833333333333,30,5.66927574929205,56.008316,-6.129929,110.10581026639,110.10581026639,3.12660842995781
"379",12697,"Oronsay",28,"28_12697",2014-06-09 06:53:36,2014-06-09 08:53:35,29.9916666666667,119.983333333333,1.00581342321554,56.031082,-6.228184,-52.6864601612684,-55.68588952884,0.485600776665551
"380",12697,"Oronsay",29,"29_12697",2014-06-09 09:53:38,2014-06-09 11:23:35,60.0416666666667,89.95,1.04069739033803,56.03169,-6.228007,-52.0581090598924,-52.0581090598924,0.542182940039755
"382",12697,"Oronsay",31,"31_12697",2014-06-09 15:55:20,2014-06-09 17:25:17,NA,89.9416666666667,1.35409564315069,56.035299,-6.228364,-38.4118088094057,-38.4118088094057,0.720277623306226
"383",12697,"Oronsay",32,"32_12697",2014-06-09 17:55:16,2014-06-09 23:25:13,29.9916666666667,329.95,1.16444869476609,56.031648,-6.230609,-57.1383771003964,-56.2040595688937,0.60968799689322
"384",12697,"Oronsay",33,"33_12697",2014-06-10 03:55:11,2014-06-10 04:25:10,269.958333333333,29.9916666666667,2.0646401213642,56.013578,-6.240858,-130.426038631056,-130.426038631056,1.11633739348021
"385",12697,"Oronsay",34,"34_12697",2014-06-10 06:25:09,2014-06-10 13:25:05,119.983333333333,419.933333333333,3.36790374584989,56.020217,-6.162319,96.9226720468143,96.9226720468143,1.72558098014061
"386",12697,"Oronsay",35,"35_12697",2014-06-10 14:25:06,2014-06-10 14:55:09,60.0166666666667,30.0416666666667,1.88188225286918,56.014767,-6.192188,130.708062656149,130.708062656149,1.01867802279723
"387",12697,"Oronsay",36,"36_12697",2014-06-10 17:25:06,2014-06-10 18:55:02,149.958333333333,89.9333333333333,4.40181005501414,56.051251,-6.161916,49.7485927064995,49.7485927064995,2.42405988350926
"388",12697,"Oronsay",37,"37_12697",2014-06-10 19:55:02,2014-06-10 21:55:03,59.9916666666667,120.016666666667,1.16605060375456,56.031368,-6.230991,-54.6069633639378,-57.980860122564,0.524639288786434
"487",12697,"Oronsay",136,"136_12697",2015-06-10 16:33:06,2015-06-10 19:33:07,NA,180.025,1.10996318409842,56.03076,-6.230623,-49.7961481856702,-60.5635139944251,0.486103141640513
"488",12697,"Oronsay",137,"137_12697",2015-06-10 20:03:07,2015-06-10 21:03:04,29.9916666666667,59.95,0.901599338919628,56.030388,-6.227029,-55.1193643248074,-57.3774608913377,0.232774298067448
"489",12697,"Oronsay",138,"138_12697",2015-06-11 02:03:02,2015-06-11 04:03:00,299.966666666667,119.966666666667,1.80221592791732,56.014113,-6.236039,-135.122576460591,-135.122576460591,0.973783893366126
"490",12697,"Oronsay",139,"139_12697",2015-06-11 05:33:00,2015-06-11 08:03:00,90.0083333333333,150,0.941504943501793,56.031401,-6.226316,-47.3468803176409,-48.8463534139134,0.463620843508265
"491",12697,"Oronsay",140,"140_12697",2015-06-11 08:33:02,2015-06-11 09:32:59,30.0333333333333,59.95,0.964248496754348,56.031067,-6.227347,-64.0006145865999,-52.7524285067145,0.366408826118559
"492",12697,"Oronsay",141,"141_12697",2015-06-11 12:02:58,2015-06-11 14:02:57,149.975,119.983333333333,11.5025661433977,56.125268,-6.167568,0.989688453083156,15.0203863202726,5.84636514833123
"493",12697,"Oronsay",142,"142_12697",2015-06-11 16:32:55,2015-06-11 20:02:51,149.966666666667,209.933333333333,1.16736764381921,56.034992,-6.223452,-17.7775383401058,-17.7775383401058,0.510843182160333
"494",12697,"Oronsay",143,"143_12697",2015-06-12 02:32:48,2015-06-12 04:02:46,389.958333333333,89.9583333333333,4.81091770811314,56.066369,-6.190445,66.5491312728549,18.8944513262239,1.87417078688886
"495",12697,"Oronsay",144,"144_12697",2015-06-12 05:32:45,2015-06-12 07:02:47,89.9833333333333,90.0416666666667,1.0370507821173,56.031842,-6.227682,-56.3848811352295,-49.3909053938886,0.495741301216428
"496",12697,"Oronsay",145,"145_12697",2015-06-12 09:02:50,2015-06-12 10:32:44,120.041666666667,89.9083333333333,1.0427896731228,56.031491,-6.228356,-69.5855309413725,-53.0016961145008,0.380459985735554
"497",12697,"Oronsay",146,"146_12697",2015-06-12 12:02:43,2015-06-12 12:32:44,89.9833333333333,30.0083333333333,3.23842369293346,56.013211,-6.168433,115.463082248708,115.463082248708,1.78273744428767
"498",12697,"Oronsay",147,"147_12697",2015-06-12 15:32:41,2015-06-12 16:32:40,179.95,59.9833333333333,3.05732410425686,56.004623,-6.247342,-140.900736383819,-140.900736383819,1.63327472711493
"499",12697,"Oronsay",148,"148_12697",2015-06-12 17:32:40,2015-06-12 20:32:37,60.0083333333333,179.941666666667,1.35120966985585,56.036473,-6.224757,-27.0972965041788,-27.0972965041788,0.721137312285968
"500",12697,"Oronsay",149,"149_12697",2015-06-12 21:02:37,2015-06-12 23:02:35,30,119.975,1.01708477786818,56.028187,-6.231091,-66.1524971414901,-76.5124675152864,0.323893394546722
"501",12697,"Oronsay",150,"150_12697",2015-06-13 02:02:34,2015-06-13 04:02:33,179.975,119.983333333333,1.77059088038244,56.014669,-6.236289,-153.885755326005,-133.4890102571,0.75183693906862
"502",12697,"Oronsay",151,"151_12697",2015-06-13 05:32:34,2015-06-13 07:32:32,90.0166666666667,119.966666666667,2.45921247740975,56.01691,-6.251832,-20.8650865278261,-114.009003383254,0.967403468440849
"503",12697,"Oronsay",152,"152_12697",2015-06-13 10:32:31,2015-06-13 13:02:28,179.983333333333,149.958333333333,1.35556966712133,56.036741,-6.223851,-57.8969485103269,-23.9441965404337,0.473725958052541
"504",12697,"Oronsay",153,"153_12697",2015-06-13 16:32:28,2015-06-13 20:32:24,209.991666666667,239.941666666667,8.94673772609649,56.105352,-6.199495,-116.617904014553,6.2572258035956,4.56352423539833
"505",12697,"Oronsay",154,"154_12697",2015-06-13 21:02:25,2015-06-13 22:02:22,30.0083333333333,59.9583333333333,0.482423755982072,56.02888,-6.220341,-44.435619603253,-44.435619603253,0.229159365285384
"506",12697,"Oronsay",155,"155_12697",2015-06-14 03:32:19,2015-06-14 04:32:19,329.95,60,0.433844470512526,56.022073,-6.218811,165.957518241889,174.279563940307,0.0887746525742633
"507",12697,"Oronsay",156,"156_12697",2015-06-14 06:32:19,2015-06-14 10:02:18,119.991666666667,209.983333333333,1.41416462428356,56.036744,-6.226049,-25.6012521228493,-29.8562345279451,0.382006126415331
"508",12697,"Oronsay",157,"157_12697",2015-06-14 18:02:11,2015-06-14 22:32:10,479.883333333333,269.983333333333,1.45235183501824,56.037552,-6.224411,-24.463270949477,-24.463270949477,0.773524411591554
"509",12697,"Oronsay",158,"158_12697",2015-06-14 23:32:08,2015-06-15 01:32:10,59.9666666666667,120.033333333333,1.02553769510098,56.029352,-6.230441,-49.2609230602223,-67.888076595384,0.500829025596965
"510",12697,"Oronsay",159,"159_12697",2015-06-15 02:32:06,2015-06-15 03:32:07,59.9416666666667,60.0166666666667,0.44316350951148,56.021913,-6.21858,-167.98787029011,-151.96450815048,0.176815434972464
"511",12697,"Oronsay",160,"160_12697",2015-06-15 05:32:07,2015-06-15 07:02:08,120,90.0083333333333,8.0008052014568,55.971723,-6.13045,100.44146678515,138.850219063386,2.38067477314695
"512",12697,"Oronsay",161,"161_12697",2015-06-15 08:02:04,2015-06-15 12:02:06,59.9333333333333,240.033333333333,1.5193402889188,56.029933,-6.238547,-29.8667155169444,-71.5064643764859,0.65634765958135
"513",12697,"Oronsay",162,"162_12697",2015-06-15 13:32:01,2015-06-15 15:32:00,89.925,119.975,2.01348601909342,56.043341,-6.210227,-28.2478116316411,8.67773376709788,0.88952820766481
"514",12697,"Oronsay",163,"163_12697",2015-06-15 16:01:59,2015-06-15 19:32:00,29.9833333333333,210.016666666667,3.10158799525899,56.004116,-6.24737,-139.039125991403,-140.130559313086,1.64206817991489
"515",12697,"Oronsay",164,"164_12697",2015-06-15 22:01:55,2015-06-16 00:01:54,149.925,119.975,1.15625302512935,56.034649,-6.224274,-46.7964447963574,-30.5972684627554,0.364902114613948
"516",12697,"Oronsay",165,"165_12697",2015-06-16 00:31:54,2015-06-16 02:01:56,30,90.0333333333333,1.06342299852892,56.033065,-6.225912,-40.2578907217979,-40.2578907217979,0.562318239301367
"517",12697,"Oronsay",166,"166_12697",2015-06-16 04:31:54,2015-06-16 07:31:50,149.966666666667,179.933333333333,3.08834613247325,56.004234,-6.247291,-133.576832858914,-140.001181064289,0.945931224517367
"518",12697,"Oronsay",167,"167_12697",2015-06-16 09:31:49,2015-06-16 11:01:51,119.983333333333,90.0333333333333,0.930845560270315,56.031018,-6.226716,-51.4457920425458,-51.4457920425458,0.492083212954822
"519",12697,"Oronsay",168,"168_12697",2015-06-16 11:31:54,2015-06-16 12:31:49,30.05,59.9166666666667,0.66185553227908,56.028443,-6.224723,-66.329126619219,-66.329126619219,0.329203490641821
"520",12697,"Oronsay",169,"169_12697",2015-06-16 13:01:49,2015-06-16 14:31:49,30,90.0083333333333,1.56269486815155,56.029516,-6.239516,-44.6426644466137,-73.0009592888582,0.513772429108133
"521",12697,"Oronsay",170,"170_12697",2015-06-16 15:31:47,2015-06-16 19:31:43,59.9666666666667,239.925,3.11594662468949,56.003879,-6.24722,-140.397363730894,-140.535340726702,1.69528489948447
"522",12697,"Oronsay",171,"171_12697",2015-06-16 22:31:41,2015-06-16 23:31:43,179.975,60.0333333333333,1.12109164150876,56.034459,-6.223707,-27.4332208047184,-27.4332208047184,0.595515567538476
"523",12697,"Oronsay",172,"172_12697",2015-06-17 01:01:40,2015-06-17 02:01:39,89.9416666666667,59.9916666666667,1.06379496095084,56.03367,-6.224346,-38.9363799328021,-34.2033877875291,0.547408414341758
"524",12697,"Oronsay",173,"173_12697",2015-06-17 05:01:38,2015-06-17 09:31:41,179.975,270.05,3.11177277388813,56.003922,-6.247208,-140.492535478253,-140.976544942072,1.68172047570187
"525",12697,"Oronsay",174,"174_12697",2015-06-17 10:01:39,2015-06-17 12:31:38,29.975,149.975,3.12183660656772,56.00394,-6.2475,-140.444065581766,-140.476131218471,1.71431230995584
"526",12697,"Oronsay",175,"175_12697",2015-06-17 14:01:41,2015-06-17 20:31:29,90.05,389.8,3.13205747562477,56.00387,-6.247606,-42.1391939152663,-139.640842335356,1.19805645009593
"540",12697,"Oronsay",189,"189_12697",2015-06-22 18:40:22,2015-06-22 21:40:20,NA,179.975,3.12851117195829,56.003808,-6.247383,-140.308323896761,-140.62073031312,1.68846791670175
"541",12697,"Oronsay",190,"190_12697",2015-06-23 04:10:18,2015-06-23 05:40:16,389.958333333333,89.9666666666667,0.998661431359405,56.031408,-6.227552,-49.1438378548782,-51.4636017792308,0.49892851498217
"542",12697,"Oronsay",191,"191_12697",2015-06-23 07:10:19,2015-06-23 12:40:14,90.0583333333333,329.908333333333,3.16481377588457,56.00343,-6.247477,-140.093196472041,-140.71732809301,1.70428672938631
"543",12697,"Oronsay",192,"192_12697",2015-06-23 14:40:12,2015-06-23 16:40:10,119.966666666667,119.966666666667,0.997630891107634,56.031448,-6.227467,-31.4608448733872,-51.6735949955223,0.324410163710329
"544",12697,"Oronsay",193,"193_12697",2015-06-23 21:40:07,2015-06-23 22:10:07,299.95,30,1.82915730600778,56.034387,-6.190824,57.8241335756325,57.8241335756325,0.986514627552411
"545",12697,"Oronsay",194,"194_12697",2015-06-24 04:10:03,2015-06-24 07:10:02,359.941666666667,179.975,6.68189958067851,56.084115,-6.238502,-47.3509462659457,-12.7775860569924,3.18262804661426
"546",12697,"Oronsay",195,"195_12697",2015-06-24 08:40:01,2015-06-24 19:09:56,89.9833333333333,629.916666666667,32.5596905803512,55.738697,-6.317104,-151.441055036807,-168.658352928338,9.5404581223442
"547",12697,"Oronsay",196,"196_12697",2015-06-25 02:39:51,2015-06-25 04:09:50,449.925,89.975,1.72706072985471,56.014669,-6.235325,-133.836470328507,-133.836470328507,0.927642003013924
"548",12697,"Oronsay",197,"197_12697",2015-06-25 05:09:50,2015-06-25 08:09:50,60.0083333333333,179.991666666667,1.00932396150962,56.030945,-6.228443,-59.3976556555022,-55.8192961050768,0.430099145869411
"549",12697,"Oronsay",198,"198_12697",2015-06-25 10:39:53,2015-06-25 12:39:54,150.058333333333,120.008333333333,3.32530580820433,56.003975,-6.25246,-136.063765353136,-136.6493239283,1.82958512730131
"550",12697,"Oronsay",199,"199_12697",2015-06-25 15:39:44,2015-06-25 20:09:42,179.841666666667,269.958333333333,1.39995627002305,56.036588,-6.226088,-29.6470579683723,-29.6470579683723,0.758286729672143
"551",12697,"Oronsay",200,"200_12697",2015-06-26 02:09:37,2015-06-26 09:09:34,359.916666666667,419.95,3.48321865686227,56.003868,-6.255845,-136.627394225786,-134.706076250135,1.6551188138133
"552",12697,"Oronsay",201,"201_12697",2015-06-26 09:39:39,2015-06-26 10:09:40,30.0916666666667,30.0083333333333,0.335517882815021,56.022985,-6.218464,-146.572771059989,-146.572771059989,0.163639902979403
"553",12697,"Oronsay",202,"202_12697",2015-06-26 13:09:32,2015-06-26 14:39:30,179.875,89.9583333333333,3.87989706739714,56.053859,-6.251673,36.7175798982073,-36.3549889156587,1.38824019853436
"554",12697,"Oronsay",203,"203_12697",2015-06-26 17:39:29,2015-06-26 21:09:28,179.991666666667,209.975,1.00490192422108,56.03144,-6.227635,-57.1574993969771,-52.2641067435036,0.477630210134546
"555",12697,"Oronsay",204,"204_12697",2015-06-27 02:39:24,2015-06-27 05:09:25,329.941666666667,150.008333333333,2.82560277574469,56.006054,-6.24461,-132.579121226739,-140.433959345311,0.933112648964595
"557",12697,"Oronsay",206,"206_12697",2015-06-27 18:39:14,2015-06-27 22:09:13,NA,209.983333333333,1.17187540341036,56.034695,-6.224646,-31.3698185458473,-31.3698185458473,0.625663488784281
"558",12697,"Oronsay",207,"207_12697",2015-06-28 02:09:11,2015-06-28 05:39:11,239.958333333333,210,1.80668278858837,56.014376,-6.236592,-132.782524904014,-133.276166539993,0.834080197653796
"559",12697,"Oronsay",208,"208_12697",2015-06-28 08:39:06,2015-06-28 10:39:09,179.925,120.05,0.961897600093228,56.03109,-6.227263,-44.3380465981206,-51.442100413995,0.387102279849489
"560",12697,"Oronsay",209,"209_12697",2015-06-28 15:09:03,2015-06-28 23:39:00,269.891666666667,509.95,2.16960677824996,56.009631,-6.235689,-135.538571442001,-144.554294213077,0.692136024675002
"561",12697,"Oronsay",210,"210_12697",2015-06-29 02:38:56,2015-06-29 04:08:55,179.933333333333,89.9916666666667,1.75081772787123,56.014499,-6.235561,-134.069675968348,-134.656587118139,0.941225487645596
"562",12697,"Oronsay",211,"211_12697",2015-06-29 08:38:54,2015-06-29 10:38:56,269.983333333333,120.025,3.22693726646755,56.047135,-6.249946,-42.5092958603598,-42.5092958603598,1.77012847887179
"563",12697,"Oronsay",212,"212_12697",2015-06-29 11:08:57,2015-06-29 12:38:53,30.0166666666667,89.9333333333333,0.77400724124937,56.030811,-6.22351,-53.6104519303212,-43.191423752068,0.351749773181959
"564",12697,"Oronsay",213,"213_12697",2015-06-29 19:08:47,2015-06-29 19:38:48,389.9,30.025,0.654467200626345,56.029859,-6.222542,-46.4654554988971,-46.4654554988971,0.335716198750976
"565",12697,"Oronsay",214,"214_12697",2015-06-29 20:38:46,2015-06-29 22:08:47,59.9583333333333,90.025,0.935065749680252,56.031116,-6.226651,-66.7082444990354,-51.4383077103273,0.349209738510881
"566",12697,"Oronsay",215,"215_12697",2015-06-30 02:38:43,2015-06-30 06:08:42,269.925,209.991666666667,3.09586062216795,56.004293,-6.247603,-132.086012812585,-139.705301421353,0.93510149318777
"567",12697,"Oronsay",216,"216_12697",2015-06-30 09:08:42,2015-06-30 13:08:41,179.991666666667,239.983333333333,1.49945671137915,56.029572,-6.238424,-53.0740084487532,-73.7350455033101,0.594718031302703
"568",12697,"Oronsay",217,"217_12697",2015-06-30 14:38:38,2015-06-30 20:08:33,89.95,329.916666666667,3.10059011282897,56.004055,-6.247214,-141.933991745362,-140.669448117869,1.49647836609171
"569",12697,"Oronsay",218,"218_12697",2015-06-30 21:08:33,2015-07-01 00:38:31,60.0083333333333,209.958333333333,1.35967308099269,56.029416,-6.236156,-46.3321727790966,-71.5274682740519,0.405637548621152
"570",12697,"Oronsay",219,"219_12697",2015-07-01 03:08:29,2015-07-01 04:38:28,149.966666666667,89.9833333333333,3.05162662335842,56.004711,-6.247385,-133.025783035039,-139.480948830196,0.933440923665912
"571",12697,"Oronsay",220,"220_12697",2015-07-01 05:38:31,2015-07-01 06:08:29,60.0583333333333,29.9666666666667,0.937999528729075,56.027092,-6.200727,81.0817729811635,81.0817729811635,0.499060179174267
"573",12697,"Oronsay",222,"222_12697",2015-07-01 09:08:28,2015-07-01 14:08:24,NA,299.925,1.12482505141187,56.031303,-6.230268,-56.1729382524444,-58.1811350474463,0.507116278437382
"574",12697,"Oronsay",223,"223_12697",2015-07-01 18:38:20,2015-07-01 19:08:20,269.933333333333,30,6.69932318155975,56.084473,-6.236824,-11.7680584266542,-11.7680584266542,3.69682089957815
"575",12697,"Oronsay",224,"224_12697",2015-07-01 21:38:21,2015-07-02 01:08:19,150.016666666667,209.966666666667,1.17486872376071,56.03482,-6.224336,-49.3143978926813,-30.386268286642,0.348988813305913
"576",12697,"Oronsay",225,"225_12697",2015-07-02 03:08:15,2015-07-02 04:08:18,119.941666666667,60.05,2.01008452733507,56.013899,-6.240197,-134.250083664865,-130.380653987123,0.921232125778473
"577",12697,"Oronsay",226,"226_12697",2015-07-02 06:08:16,2015-07-02 07:08:15,119.958333333333,59.9916666666667,2.39054659742855,56.02213,-6.177637,60.2109150847492,99.84709922905,1.00825701540581
"582",12697,"Oronsay",231,"231_12697",2015-07-03 16:57:54,2015-07-03 21:57:53,NA,299.991666666667,2.81804348017437,56.006129,-6.244581,-141.251028598937,-139.678303383356,1.49670065984226
"583",12697,"Oronsay",232,"232_12697",2015-07-04 03:27:48,2015-07-04 03:57:49,329.908333333333,30.025,0.892339302407801,56.031019,-6.225878,-49.6151479502426,-49.6151479502426,0.468530250177847
"584",12697,"Oronsay",233,"233_12697",2015-07-04 06:27:46,2015-07-04 11:57:45,149.95,329.975,2.79775983530075,56.006081,-6.243969,-143.483241565572,-140.965632819058,1.49774336190082
"585",12697,"Oronsay",234,"234_12697",2015-07-04 13:27:42,2015-07-04 15:57:46,89.9583333333333,150.058333333333,1.61326881276026,56.02936,-6.24044,-75.3951041646099,-76.7000056243562,0.791479040231105
"586",12697,"Oronsay",235,"235_12697",2015-07-04 18:57:39,2015-07-04 21:27:39,179.891666666667,149.991666666667,2.80055124783694,56.005695,-6.243181,-144.980926188749,-142.100055461603,1.16507361288302
"587",12697,"Oronsay",236,"236_12697",2015-07-05 02:57:36,2015-07-05 04:27:34,NA,89.9666666666667,1.73397870050038,56.01494,-6.235937,-132.898354155533,-132.898354155533,0.94374539037613
"588",12697,"Oronsay",237,"237_12697",2015-07-05 06:57:35,2015-07-05 09:57:34,150.025,179.975,2.77743989707885,56.005552,-6.242239,-133.120252286301,-142.645557870642,0.847818311830458
"589",12697,"Oronsay",238,"238_12697",2015-07-05 13:27:30,2015-07-05 16:57:28,209.933333333333,209.975,1.53565027769861,56.027096,-6.239964,-59.6167780786171,-84.8794378345013,0.556175889537231
"590",12697,"Oronsay",239,"239_12697",2015-07-05 17:57:28,2015-07-05 22:27:25,60,269.941666666667,2.78344185887331,56.005533,-6.242354,-141.891604381068,-142.820824515233,1.50515834453038
"591",12697,"Oronsay",240,"240_12697",2015-07-06 02:57:21,2015-07-06 05:27:23,269.933333333333,150.033333333333,1.72005071727258,56.014931,-6.235617,-133.278683859236,-133.278683859236,0.934219907962223
"597",12697,"Oronsay",246,"246_12697",2015-07-07 14:27:01,2015-07-07 15:57:01,NA,90.0083333333333,7.18813730171917,56.089866,-6.206605,32.8990077145092,4.21996303725525,3.09947386016941
"598",12697,"Oronsay",247,"247_12697",2015-07-07 16:27:01,2015-07-07 17:56:59,29.9916666666667,89.9666666666667,1.53793393453481,56.029629,-6.239039,-53.5615189885565,-74.3969428028528,0.557209174689825
"599",12697,"Oronsay",248,"248_12697",2015-07-07 20:56:57,2015-07-07 21:56:57,179.975,59.9916666666667,2.77730581049991,56.005656,-6.242481,-142.354606478007,-142.354606478007,1.51755935722412
"600",12697,"Oronsay",249,"249_12697",2015-07-08 03:26:55,2015-07-08 04:26:54,329.975,59.9833333333333,1.62313814702069,56.02863,-6.240926,-91.3876092799292,-78.8555667119577,0.651010320947602
"601",12697,"Oronsay",250,"250_12697",2015-07-08 04:56:53,2015-07-08 05:56:54,29.975,60.0166666666667,0.936935554116445,56.030695,-6.227322,-54.9425557815981,-54.9425557815981,0.492215556055642
"602",12697,"Oronsay",251,"251_12697",2015-07-08 15:26:47,2015-07-08 18:56:46,569.883333333333,209.991666666667,1.5536471137953,56.027805,-6.240076,-48.1951759263753,-82.1037529344535,0.476148992500723
"603",12697,"Oronsay",252,"252_12697",2015-07-08 20:26:44,2015-07-08 20:56:44,89.9583333333333,30,0.952354937235048,56.031486,-6.204589,45.6120656859089,45.6120656859089,0.509032345335357
"604",12697,"Oronsay",253,"253_12697",2015-07-09 03:26:40,2015-07-09 04:26:44,389.941666666667,60.0666666666667,0.890133629725298,56.031319,-6.22529,-45.7901238372699,-45.7901238372699,0.471734946583206
"605",12697,"Oronsay",254,"254_12697",2015-07-09 05:26:41,2015-07-09 05:56:42,59.9416666666667,30.0166666666667,2.58324787991317,56.03123,-6.17535,76.5983603112686,76.5983603112686,1.40435236013828
"606",12697,"Oronsay",255,"255_12697",2015-07-09 07:26:38,2015-07-09 07:56:41,89.9333333333333,30.05,0.974986117251985,56.030678,-6.228111,-56.4167196460389,-56.4167196460389,0.516397037643147
"607",12697,"Oronsay",256,"256_12697",2015-07-09 09:56:40,2015-07-09 10:26:42,119.991666666667,30.0333333333333,3.01434853601166,56.000263,-6.198007,159.482943489722,159.482943489722,1.64440070548735
"608",12697,"Oronsay",257,"257_12697",2015-07-09 15:01:36,2015-07-09 17:21:33,274.891666666667,139.95,1.07357142337136,56.031369,-6.229162,-59.3628335078575,-54.8288190205733,0.759731678843187
"609",12697,"Oronsay",258,"258_12697",2015-07-09 18:41:32,2015-07-09 20:21:33,79.9833333333333,100.025,0.88041348149009,56.030034,-6.227069,-61.5892858719906,-58.423676923843,0.535627507076251
"610",12697,"Oronsay",259,"259_12697",2015-07-10 02:16:28,2015-07-10 04:16:30,354.916666666667,120.033333333333,1.74540142248975,56.015067,-6.23639,-128.573947141781,-132.077600085704,0.75328490992726
"611",12697,"Oronsay",260,"260_12697",2015-07-10 05:16:27,2015-07-10 08:46:25,59.95,209.966666666667,0.945361945797717,56.031307,-6.226562,-46.8326791661665,-49.7386416483769,0.396923552824068
"612",12697,"Oronsay",261,"261_12697",2015-07-10 12:46:23,2015-07-10 13:16:23,239.966666666667,29.9916666666667,2.79215124890388,56.006284,-6.244265,-140.208354300988,-140.208354300988,1.51530658581792
"613",12697,"Oronsay",262,"262_12697",2015-07-10 16:46:19,2015-07-10 20:46:17,209.933333333333,239.966666666667,1.05562540396535,56.030396,-6.229999,-57.9565292289661,-61.2197219810404,0.495609229965434
"614",12697,"Oronsay",263,"263_12697",2015-07-11 02:46:13,2015-07-11 03:46:13,359.941666666667,59.9916666666667,1.75474277744132,56.014587,-6.235801,-136.633914518312,-136.633914518312,0.915278219684912
"615",12697,"Oronsay",264,"264_12697",2015-07-11 05:46:13,2015-07-11 09:46:13,120.008333333333,240,0.998161696865789,56.031088,-6.228019,-44.2633651193106,-53.4268279930975,0.40196016181141
"616",12697,"Oronsay",265,"265_12697",2015-07-11 18:16:06,2015-07-11 21:16:03,509.883333333333,179.941666666667,1.02166750143432,56.031549,-6.227822,-56.4105097240105,-51.9805674755152,0.481360400610879
"617",12697,"Oronsay",266,"266_12697",2015-07-12 02:46:01,2015-07-12 05:15:58,329.966666666667,149.958333333333,1.87771658680156,56.014813,-6.238793,-129.584853275767,-129.584853275767,1.0274348323614
"618",12697,"Oronsay",267,"267_12697",2015-07-12 07:16:00,2015-07-12 10:46:03,120.033333333333,210.041666666667,1.48500193637374,56.029456,-6.238246,-53.4429167210328,-74.5938795509793,0.521150287179594
"619",12697,"Oronsay",268,"268_12697",2015-07-12 18:45:51,2015-07-12 21:45:53,479.8,180.033333333333,0.969225770807431,56.033923,-6.219424,-16.7696773580992,-16.7696773580992,0.508716159835567
"620",12697,"Oronsay",269,"269_12697",2015-07-13 02:45:48,2015-07-13 05:15:46,299.925,149.966666666667,1.72966014106033,56.015042,-6.23601,-134.828895882399,-132.548557075202,0.544734654488059
"621",12697,"Oronsay",270,"270_12697",2015-07-13 06:45:49,2015-07-13 07:15:47,90.0416666666667,29.975,2.40891231557624,56.011364,-6.186258,131.81420620657,131.81420620657,1.31553370492628
"622",12697,"Oronsay",271,"271_12697",2015-07-13 08:45:46,2015-07-13 12:15:42,89.975,209.933333333333,1.03165206735111,56.031504,-6.228103,-51.6735792185072,-52.0222115462326,0.531946359608465
"623",12697,"Oronsay",272,"272_12697",2015-07-13 19:15:37,2015-07-13 21:45:37,419.916666666667,150.008333333333,1.32241056607,56.035928,-6.225653,-96.0919867148617,-28.6254476660053,0.557061679679648
"624",12697,"Oronsay",273,"273_12697",2015-07-14 00:15:37,2015-07-14 00:45:36,149.991666666667,29.9916666666667,0.839811380556917,56.031836,-6.222808,-37.7417576637887,-37.7417576637887,0.423875623026099
"626",12697,"Oronsay",275,"275_12697",2015-07-14 08:45:36,2015-07-14 12:45:30,NA,239.9,0.967146457053044,56.031477,-6.226756,-50.3858565507804,-50.3858565507804,0.503106091042185
"627",12697,"Oronsay",276,"276_12697",2015-07-14 19:15:24,2015-07-14 19:45:23,389.9,29.9916666666667,4.91920865823256,56.05145,-6.151627,54.0797939121222,54.0797939121222,2.68277702470712
"628",12697,"Oronsay",277,"277_12697",2015-07-14 20:15:23,2015-07-14 23:45:21,29.9916666666667,209.966666666667,0.745370446185754,56.030393,-6.223659,-35.355058865963,-46.103572192257,0.256463095786081
"629",12697,"Oronsay",278,"278_12697",2015-07-15 02:45:20,2015-07-15 04:15:19,179.991666666667,89.975,1.92690257349966,56.013638,-6.237999,-133.266974745874,-133.266974745874,1.05237502525456
"630",12697,"Oronsay",279,"279_12697",2015-07-15 05:45:20,2015-07-15 06:45:18,90.025,59.9666666666667,3.57505231498408,56.042142,-6.166455,98.2469274399721,59.1187680634412,1.093747890177
"631",12697,"Oronsay",280,"280_12697",2015-07-15 08:45:20,2015-07-15 10:45:15,120.033333333333,119.908333333333,0.700270667510663,56.029923,-6.223485,-48.8874046110141,-48.8874046110141,0.364088804647804
"632",12697,"Oronsay",281,"281_12697",2015-07-15 11:15:17,2015-07-15 12:15:15,30.0333333333333,59.9666666666667,1.54503260432523,56.027798,-6.239938,-81.8262351430043,-81.8262351430043,0.829552438186463
"633",12697,"Oronsay",282,"282_12697",2015-07-15 12:41:41,2015-07-15 14:19:38,26.4333333333333,97.9583333333333,0.745333583574967,56.030434,-6.223579,-48.5315857783666,-46.7246831942088,0.332728744605211
"634",12697,"Oronsay",283,"283_12697",2015-07-15 20:21:03,2015-07-15 22:51:00,NA,149.95,5.707529120846,56.056799,-6.142977,66.2166483880742,52.5555579118561,2.07536491113881
"635",12697,"Oronsay",284,"284_12697",2015-07-16 09:50:54,2015-07-16 10:20:52,659.908333333333,29.9583333333333,0.949547037965557,56.030971,-6.227183,-52.5213343829516,-52.5213343829516,0.505752734730503
"636",12703,"Oronsay",1,"1_12703",2014-06-06 10:10:04,2014-06-06 10:35:05,NA,25.0166666666667,0.303784206951877,56.017443,-6.274134,-96.8659176277196,-97.6814339711481,0.156808786424538
"637",12703,"Oronsay",2,"2_12703",2014-06-06 11:40:02,2014-06-06 16:10:05,64.95,270.058333333333,1.06286682473824,56.013128,-6.253748,84.0139542584648,95.1778659002898,1.08375171249488
"638",12703,"Oronsay",3,"3_12703",2014-06-06 18:30:01,2014-06-07 01:54:59,139.925,444.975,1.87142820945818,55.99934,-6.26603,71.2986594609054,170.149553191759,1.53248960759306
"639",12703,"Oronsay",4,"4_12703",2014-06-07 03:34:57,2014-06-07 03:54:56,99.9583333333333,19.9916666666667,0.36765827194723,56.018563,-6.273717,-29.9217324124681,-29.9217324124681,0.129165780296234
"641",12703,"Oronsay",6,"6_12703",2014-06-07 15:15:00,2014-06-07 18:34:59,NA,199.983333333333,1.13617911492546,56.018135,-6.252185,75.0365748928294,84.6095814910552,0.702867077078975
"642",12703,"Oronsay",7,"7_12703",2014-06-08 04:09:57,2014-06-08 06:39:53,574.958333333333,149.941666666667,1.12319666093646,56.017268,-6.252133,88.7350883406284,89.3638322123691,0.381868647985855
"643",12703,"Oronsay",8,"8_12703",2014-06-08 20:09:51,2014-06-09 01:39:51,NA,330.008333333333,1.48356433245225,56.00836,-6.250513,98.6101023354759,125.826366838555,0.481810172601256
"644",12703,"Oronsay",9,"9_12703",2014-06-09 06:09:50,2014-06-09 06:39:50,269.983333333333,29.9916666666667,1.01086231865029,56.016887,-6.253869,92.0267176677046,92.0267176677046,0.443671198000363
"645",12703,"Oronsay",10,"10_12703",2014-06-09 08:39:49,2014-06-09 09:09:51,119.983333333333,30.0333333333333,0.309008422221947,56.018089,-6.273262,-20.4144206966926,-20.4144206966926,0.0629716225192533
"647",12703,"Oronsay",12,"12_12703",2014-06-09 22:10:46,2014-06-10 01:40:43,NA,209.958333333333,1.75916264580969,56.000333,-6.266355,166.937423563334,168.107428282191,0.853047401072387
"648",12703,"Oronsay",13,"13_12703",2014-06-10 08:40:54,2014-06-10 09:11:03,420.175,30.1583333333333,0.938819745068002,56.015229,-6.25501,97.5147483105419,97.5147483105419,0.412344621109265
"649",12703,"Oronsay",14,"14_12703",2014-06-10 16:11:04,2014-06-10 17:11:00,NA,59.9333333333333,1.04097743965761,56.021375,-6.256342,65.0468529243516,65.0468529243516,0.462883654981401
"650",12703,"Oronsay",15,"15_12703",2014-06-10 19:40:58,2014-06-11 00:40:51,149.958333333333,299.883333333333,1.76591723693051,56.000281,-6.266231,70.1526672874401,167.277477363312,0.445282466067255
"757",12703,"Oronsay",122,"122_12703",2014-07-21 14:44:59,2014-07-21 17:44:49,NA,179.833333333333,0.94216524521581,56.015154,-6.254969,78.4367344754894,100.7364836517,0.240399761510898
"789",12706,"Oronsay",1,"1_12706",2014-06-04 13:02:49,2014-06-04 16:42:47,NA,219.966666666667,0.859672033102876,56.018167,-6.219815,-178.204201138826,-162.147999562477,0.27136772233673
"790",12706,"Oronsay",2,"2_12706",2014-06-04 19:22:40,2014-06-04 20:02:40,159.875,40,0.600382961147046,56.020277,-6.217893,-167.14480589797,-164.953204196178,0.462558631380272
"791",12706,"Oronsay",3,"3_12706",2014-06-05 04:22:34,2014-06-05 04:42:34,499.9,20,0.622012857903363,56.020376,-6.219474,-161.83964924122,-161.83964924122,0.456078139938594
"792",12706,"Oronsay",4,"4_12706",2014-06-05 05:02:33,2014-06-05 05:22:33,19.9916666666667,19.9916666666667,0.376923675787102,56.02241,-6.217969,-160.060728009228,-160.060728009228,0.291428462494194
"793",12706,"Oronsay",5,"5_12706",2014-06-05 05:42:33,2014-06-05 06:02:33,20,20,0.593525533120951,56.020523,-6.218909,-157.422664618799,-157.422664618799,0.475118910843221
"794",12706,"Oronsay",6,"6_12706",2014-06-05 07:02:32,2014-06-05 07:22:32,59.9833333333333,20,0.35713414136399,56.022596,-6.217932,-155.816311290197,-155.816311290197,0.2925173438139
"795",12706,"Oronsay",7,"7_12706",2014-06-05 10:02:34,2014-06-05 10:42:29,160.033333333333,39.925,0.790369076520239,56.018799,-6.219682,-160.953029275716,-161.998292788796,0.637084153735752
"796",12706,"Oronsay",8,"8_12706",2014-06-05 11:22:29,2014-06-05 12:22:29,39.9916666666667,60.0083333333333,6.45018143299923,56.023657,-6.112106,80.9084333695687,91.5797549586525,5.11049709222837
"797",12706,"Oronsay",9,"9_12706",2014-06-05 14:22:30,2014-06-05 15:17:30,120.016666666667,55,7.03669024134528,56.035729,-6.104118,80.5198120643077,80.5198120643077,5.8464861445353
"798",12706,"Oronsay",10,"10_12706",2014-06-05 17:17:31,2014-06-05 17:47:28,120.016666666667,29.9416666666667,0.607325006525966,56.0202,-6.217802,-166.078001328747,-166.078001328747,0.327153325359856
"799",12706,"Oronsay",11,"11_12706",2014-06-05 18:17:25,2014-06-05 18:47:25,29.95,30,0.513137234173112,56.020965,-6.216965,-169.287001511638,-169.287001511638,0.267744177546244
"800",12706,"Oronsay",12,"12_12706",2014-06-05 19:47:23,2014-06-05 20:47:22,59.9666666666667,59.9916666666667,7.22745807823394,56.036616,-6.101281,80.1164327917083,80.1164327917083,4.01351937003401
"801",12706,"Oronsay",13,"13_12706",2014-06-05 23:17:24,2014-06-06 00:17:21,150.033333333333,59.9416666666667,5.99278348603897,56.034359,-6.120687,80.891222799505,80.891222799505,3.28028524715179
"802",12706,"Oronsay",14,"14_12706",2014-06-06 02:17:19,2014-06-06 03:47:18,119.975,89.9833333333333,0.65517357942353,56.020567,-6.221228,-150.142763463386,-145.781135159435,0.201266256726853
"803",12706,"Oronsay",15,"15_12706",2014-06-06 05:17:17,2014-06-06 05:47:17,89.9833333333333,29.9916666666667,0.570004423201162,56.020494,-6.217413,-168.886304434543,-168.886304434543,0.305500027583743
"804",12706,"Oronsay",16,"16_12706",2014-06-06 07:17:16,2014-06-06 10:22:11,89.9833333333333,184.925,17.6211369161789,55.873177,-6.292042,161.867887301156,-164.213725621222,24.9456944184715
"805",12706,"Oronsay",17,"17_12706",2014-06-06 10:37:11,2014-06-06 10:52:10,15,14.9833333333333,3.65250450087588,56.017496,-6.272303,-103.955128462118,-103.955128462118,6.18371362974074
"806",12706,"Oronsay",18,"18_12706",2014-06-06 11:07:10,2014-06-06 11:22:10,14.9916666666667,15,3.63880104987889,56.017582,-6.272115,-103.979410236274,-103.979410236274,6.15181515215249
"807",12706,"Oronsay",19,"19_12706",2014-06-06 11:37:12,2014-06-06 12:02:09,15.0333333333333,24.95,3.64470056647147,56.017505,-6.272178,-104.033419021955,-104.033419021955,6.12103557713836
"808",12706,"Oronsay",20,"20_12706",2014-06-06 12:12:09,2014-06-06 12:27:10,10,15.025,3.6468050100168,56.017501,-6.272211,-104.107881100041,-104.107881100041,3.05000597663676
"809",12706,"Oronsay",21,"21_12706",2014-06-06 12:37:13,2014-06-06 13:02:10,10.0416666666667,24.95,3.64526435535251,56.017974,-6.272392,-103.283927425981,-103.283927425981,6.12935354222271
"810",12706,"Oronsay",22,"22_12706",2014-06-06 13:12:12,2014-06-06 13:27:11,10.0333333333333,14.9833333333333,2.59907353044975,56.019505,-6.255783,-104.883526281239,-104.883526281239,2.1792438848719
"811",12706,"Oronsay",23,"23_12706",2014-06-06 14:02:15,2014-06-06 14:47:14,35.075,44.975,2.46664223373808,56.019621,-6.253639,-105.010615335413,-105.010615335413,349.900135442833
"812",12706,"Oronsay",24,"24_12706",2014-06-06 15:37:16,2014-06-06 15:52:09,50.0333333333333,14.8916666666667,1.41088829807665,56.02406,-6.237981,-99.0196060935599,-99.0196060935599,2.23966156072649
"813",12706,"Oronsay",25,"25_12706",2014-06-06 18:27:12,2014-06-06 18:42:10,155.05,14.9583333333333,1.50335066999806,56.026186,-6.19142,89.5144363927497,89.5144363927497,2.37807949217086
"814",12706,"Oronsay",26,"26_12706",2014-06-06 18:57:09,2014-06-06 19:27:07,14.9833333333333,29.9666666666667,0.61642791502194,56.020093,-6.217624,-160.992621592109,-160.992621592109,0.898482554568228
"815",12706,"Oronsay",27,"27_12706",2014-06-06 19:42:06,2014-06-06 19:57:08,14.9916666666667,15.025,1.0942555291081,56.031325,-6.201364,53.4617274178526,53.4617274178526,0.909065639765494
"816",12706,"Oronsay",28,"28_12706",2014-06-06 20:12:08,2014-06-06 21:27:05,15,74.95,6.19070909795106,56.001067,-6.126341,43.5838368874696,115.99346017481,5.67442104695314
"817",12706,"Oronsay",29,"29_12706",2014-06-06 21:42:05,2014-06-06 22:27:05,15,45,10.2697265636255,56.070233,-6.071377,62.818570350342,59.6238556601702,11.018810866841
"818",12706,"Oronsay",30,"30_12706",2014-06-06 22:42:04,2014-06-06 22:57:04,14.9916666666667,14.9916666666667,10.1812233710371,56.071635,-6.074435,59.6114796277414,59.6114796277414,8.4961828970945
"819",12706,"Oronsay",31,"31_12706",2014-06-06 23:12:04,2014-06-06 23:27:04,15,15,10.5806957905832,56.075351,-6.070937,58.2980262045587,58.2980262045587,8.82572836471413
"820",12706,"Oronsay",32,"32_12706",2014-06-06 23:42:04,2014-06-06 23:57:04,15,15,10.565381117434,56.077723,-6.073926,56.3721943899346,56.3721943899346,8.74573596225972
"821",12706,"Oronsay",33,"33_12706",2014-06-07 00:12:04,2014-06-07 00:27:03,15,14.9916666666667,10.4985013659863,56.079648,-6.07756,54.8273646314241,54.8273646314241,8.73599679965695
"822",12706,"Oronsay",34,"34_12706",2014-06-07 00:42:03,2014-06-07 00:57:05,14.9916666666667,15.0333333333333,10.4724374887953,56.081325,-6.080228,53.4828727473143,53.4828727473143,8.72330430055122
"823",12706,"Oronsay",35,"35_12706",2014-06-07 01:12:05,2014-06-07 01:27:03,15,14.9666666666667,9.96218137021702,56.088797,-6.102484,44.8778021631538,44.8778021631538,8.32965885304052
"824",12706,"Oronsay",36,"36_12706",2014-06-07 01:42:03,2014-06-07 01:57:02,15,14.9916666666667,9.74504992245241,56.089545,-6.108888,42.8488183031824,42.8488183031824,8.11431501097124
"825",12706,"Oronsay",37,"37_12706",2014-06-07 02:12:02,2014-06-07 03:57:01,14.9916666666667,104.983333333333,9.43899344855477,56.089611,-6.116372,40.7120760276886,40.7120760276886,15.0929189511629
"826",12706,"Oronsay",38,"38_12706",2014-06-07 04:12:01,2014-06-07 04:42:00,15,29.9916666666667,0.669091180651444,56.020896,-6.222396,60.6143802729846,-144.751084376125,0.454433085847814
"827",12706,"Oronsay",39,"39_12706",2014-06-07 07:12:00,2014-06-07 08:57:00,149.991666666667,105,6.35066715524494,56.021154,-6.113949,94.264023675359,94.264023675359,5.27940770956596
"828",12706,"Oronsay",40,"40_12706",2014-06-07 09:12:00,2014-06-07 09:26:59,15,14.9916666666667,1.12636417768881,56.015436,-6.217332,-174.077484805212,-174.077484805212,0.938279450291004
"829",12706,"Oronsay",41,"41_12706",2014-06-07 10:26:57,2014-06-07 10:41:56,59.9583333333333,14.9916666666667,0.480245332287722,56.021194,-6.215055,178.511726458355,178.511726458355,0.67737052665901
"830",12706,"Oronsay",42,"42_12706",2014-06-07 11:26:56,2014-06-07 11:41:56,45,15,5.24769731115869,56.056199,-6.151614,49.8311933905906,49.8311933905906,8.61189659507619
"831",12706,"Oronsay",43,"43_12706",2014-06-07 11:56:57,2014-06-07 12:11:57,15.0166666666667,14.9916666666667,3.08283946024719,56.035063,-6.169094,71.0058001369362,71.0058001369362,4.98183795363312
"832",12706,"Oronsay",44,"44_12706",2014-06-07 12:26:58,2014-06-07 12:42:00,15.025,15.0333333333333,2.48652678311385,56.017251,-6.178445,113.438755863866,113.438755863866,3.9605357106617
"833",12706,"Oronsay",45,"45_12706",2014-06-07 12:56:59,2014-06-07 13:11:57,14.9833333333333,14.9666666666667,4.26917174318741,56.014407,-6.149968,107.844857993194,107.844857993194,6.97208644792533
"834",12706,"Oronsay",46,"46_12706",2014-06-07 15:56:53,2014-06-07 16:11:53,164.933333333333,15,6.07336666136217,56.079671,-6.204087,6.69937312337366,6.69937312337366,10.0409952765607
"835",12706,"Oronsay",47,"47_12706",2014-06-07 16:26:55,2014-06-07 16:41:58,15.025,15.05,3.36046360224738,56.009446,-6.169871,123.169756248115,123.169756248115,5.46820476875684
"836",12706,"Oronsay",48,"48_12706",2014-06-07 19:41:53,2014-06-07 19:56:52,179.925,14.975,7.15213540215265,56.033489,-6.101672,82.7306988607228,82.7306988607228,5.96560089885604
"837",12706,"Oronsay",49,"49_12706",2014-06-07 20:11:52,2014-06-07 20:26:51,15,14.9916666666667,6.36537745881223,56.016167,-6.114793,99.2530787415647,99.2530787415647,5.29049540891985
"838",12706,"Oronsay",50,"50_12706",2014-06-07 20:41:51,2014-06-07 21:56:52,14.9916666666667,75.025,7.50882246582369,56.04388,-6.099604,86.0652125805971,72.6144582213138,11.7597021145233
"839",12706,"Oronsay",51,"51_12706",2014-06-08 01:56:48,2014-06-08 02:11:48,239.925,15,0.362604812496139,56.022629,-6.218245,-154.712057977053,-154.712057977053,0.484077812857883
"840",12706,"Oronsay",52,"52_12706",2014-06-08 02:26:48,2014-06-08 02:41:48,15,15,0.390235680233218,56.022212,-6.217667,-160.445853128729,-160.445853128729,0.534028475547558
"841",12706,"Oronsay",53,"53_12706",2014-06-08 02:56:48,2014-06-08 03:11:47,15,14.9916666666667,1.58958124459858,56.0168,-6.235711,-128.92713303391,-128.92713303391,2.51150248960696
"842",12706,"Oronsay",54,"54_12706",2014-06-08 03:26:47,2014-06-08 03:41:47,14.9916666666667,15,1.68587387807595,56.014776,-6.234585,-136.217054525954,-136.217054525954,2.66126154238977
"843",12706,"Oronsay",55,"55_12706",2014-06-08 04:41:46,2014-06-08 04:56:46,59.9916666666667,14.9916666666667,0.342544624864525,56.022829,-6.218226,-145.060067332646,-145.060067332646,0.259127967886318
"844",12706,"Oronsay",56,"56_12706",2014-06-08 05:26:46,2014-06-08 05:56:49,30.0083333333333,30.0416666666667,0.602600046438663,56.020394,-6.218704,-141.995618832439,-141.995618832439,0.552467964003857
"845",12706,"Oronsay",57,"57_12706",2014-06-08 06:26:46,2014-06-08 06:41:45,29.95,14.9916666666667,0.353722865551718,56.02233,-6.215127,-171.68599033194,-171.68599033194,0.252201782529305
"846",12706,"Oronsay",58,"58_12706",2014-06-08 08:56:44,2014-06-08 09:11:47,134.983333333333,15.05,4.44472152512522,56.000367,-6.270865,-129.29442016303,-129.29442016303,7.31804092613132
"847",12706,"Oronsay",59,"59_12706",2014-06-08 10:26:48,2014-06-08 10:41:46,75.0166666666667,14.9583333333333,0.371111703651514,56.022374,-6.213435,165.07427599916,165.07427599916,0.507857373445557
"848",12706,"Oronsay",60,"60_12706",2014-06-08 11:26:48,2014-06-08 11:56:44,45.0333333333333,29.9416666666667,2.37258042807999,56.008067,-6.237377,-151.121077924027,-145.568420035164,1.40860306641081
"849",12706,"Oronsay",61,"61_12706",2014-06-08 12:56:43,2014-06-08 13:11:43,59.975,15,2.23993229656948,56.009701,-6.237735,-136.36940188777,-136.36940188777,3.30314859967931
"850",12706,"Oronsay",62,"62_12706",2014-06-08 13:26:43,2014-06-08 13:41:42,15,14.9916666666667,2.22496461277752,56.009681,-6.237299,-142.85646744253,-142.85646744253,3.59528562951271
"851",12706,"Oronsay",63,"63_12706",2014-06-08 14:26:42,2014-06-08 14:41:42,45,15,6.29353440822636,56.040681,-6.118253,74.8622709110004,74.8622709110004,10.4323452505291
"852",12706,"Oronsay",64,"64_12706",2014-06-08 15:11:48,2014-06-08 16:26:44,30.0916666666667,74.9416666666667,2.41104094434583,56.042645,-6.191875,39.9881337491239,37.368557731374,1.94829274673304
"853",12706,"Oronsay",65,"65_12706",2014-06-08 16:41:44,2014-06-08 16:56:45,15,15.0166666666667,5.90797219676796,56.078551,-6.217318,-1.07458656039006,-1.07458656039006,4.92002039116066
"854",12706,"Oronsay",66,"66_12706",2014-06-08 17:11:45,2014-06-08 17:41:47,14.9916666666667,30.0333333333333,6.81421865954515,56.085202,-6.19145,12.6376461572212,12.6376461572212,8.07815197898355
"855",12706,"Oronsay",67,"67_12706",2014-06-08 17:56:43,2014-06-08 18:11:40,14.9416666666667,14.95,2.10588808563938,56.010442,-6.235933,-143.254959567495,-143.254959567495,3.44410741168576
"856",12706,"Oronsay",68,"68_12706",2014-06-08 19:26:39,2014-06-08 20:26:39,74.9833333333333,60,2.17426981208798,56.040261,-6.192666,-140.264240318105,41.7921295575926,2.97348136846765
"857",12706,"Oronsay",69,"69_12706",2014-06-08 20:41:39,2014-06-08 20:56:39,15,14.9916666666667,2.22242842332113,56.040464,-6.191907,41.1631477206075,41.1631477206075,1.83407238852321
"858",12706,"Oronsay",70,"70_12706",2014-06-08 21:26:39,2014-06-08 21:41:41,30,15.0333333333333,2.040656380106,56.01097,-6.235444,-143.271021488881,-143.271021488881,3.27070512145891
"859",12706,"Oronsay",71,"71_12706",2014-06-08 21:56:41,2014-06-08 22:11:38,15,14.9583333333333,2.14052267490113,56.010104,-6.236055,-144.230085075908,-144.230085075908,3.46345706474508
"860",12706,"Oronsay",72,"72_12706",2014-06-08 23:26:38,2014-06-08 23:41:37,74.9916666666667,14.9916666666667,2.20352764905959,56.009836,-6.237095,-142.93407186514,-142.93407186514,3.59383175397916
"861",12706,"Oronsay",73,"73_12706",2014-06-08 23:56:37,2014-06-09 00:11:38,14.9916666666667,15.025,2.21155241055478,56.009936,-6.237532,-142.052769882431,-142.052769882431,3.60105006431201
"862",12706,"Oronsay",74,"74_12706",2014-06-09 00:26:39,2014-06-09 00:41:37,15.0083333333333,14.975,2.20618529475012,56.009771,-6.237014,-143.309550179668,-143.309550179668,3.59355162354497
"863",12706,"Oronsay",75,"75_12706",2014-06-09 00:56:37,2014-06-09 01:11:37,15,14.9916666666667,2.20878819029963,56.009704,-6.236926,-143.553504172585,-143.553504172585,3.57662200179013
"864",12706,"Oronsay",76,"76_12706",2014-06-09 01:26:36,2014-06-09 01:41:36,14.9916666666667,15,2.20989433552064,56.009706,-6.23696,-143.267521762735,-143.267521762735,3.59852383297014
"865",12706,"Oronsay",77,"77_12706",2014-06-09 01:56:36,2014-06-09 03:56:35,15,119.975,2.23965365020198,56.009658,-6.23763,-142.586222101959,-142.586222101959,3.64266493072506
"866",12706,"Oronsay",78,"78_12706",2014-06-09 04:11:35,2014-06-09 04:41:34,15,29.9916666666667,2.2330347398668,56.040583,-6.191891,40.6690784524198,40.6690784524198,3.03618733590773
"867",12706,"Oronsay",79,"79_12706",2014-06-09 05:56:34,2014-06-09 06:11:34,75,14.9916666666667,5.84674658672746,56.007711,-6.127294,110.436928109253,110.436928109253,9.71104686506844
"868",12706,"Oronsay",80,"80_12706",2014-06-09 06:26:34,2014-06-09 06:41:34,15,15,7.24431063317037,55.988896,-6.119491,124.860279043705,124.860279043705,12.005934718806
"869",12706,"Oronsay",81,"81_12706",2014-06-09 06:56:33,2014-06-09 07:11:34,14.9916666666667,15.0166666666667,13.19281684913,55.919368,-6.121549,153.822342260152,153.822342260152,22.0279216676656
"870",12706,"Oronsay",82,"82_12706",2014-06-09 07:26:34,2014-06-09 07:41:33,15,14.9833333333333,13.8341708042234,55.912461,-6.123534,155.646647291803,155.646647291803,23.1862332370731
"871",12706,"Oronsay",83,"83_12706",2014-06-09 11:11:34,2014-06-09 11:31:31,210.008333333333,19.9583333333333,0.463212936203518,56.023282,-6.209215,121.255173945176,121.255173945176,0.379467248990116
"872",12706,"Oronsay",84,"84_12706",2014-06-09 12:06:32,2014-06-09 12:21:32,35.0166666666667,15,5.55012959190672,56.073399,-6.190844,15.2528175106943,15.2528175106943,2.93386910056726
"873",12706,"Oronsay",85,"85_12706",2014-06-09 12:56:34,2014-06-09 13:11:33,35.025,14.9916666666667,17.7021644612761,56.161864,-6.069275,30.5328035925303,30.5328035925303,28.9656899968608
"874",12706,"Oronsay",86,"86_12706",2014-06-09 13:31:31,2014-06-09 13:46:31,19.9666666666667,15,18.8837318462236,56.182666,-6.101453,22.0150804431567,22.0150804431567,15.5241260453366
"875",12706,"Oronsay",87,"87_12706",2014-06-09 14:06:30,2014-06-09 14:36:32,19.975,30.0333333333333,9.99793390809559,56.112782,-6.1778,14.1061721499399,14.1061721499399,2407.47479344085
"876",12706,"Oronsay",88,"88_12706",2014-06-09 14:56:31,2014-06-09 15:11:33,19.9916666666667,15.025,3.67600197188019,56.055972,-6.238199,-23.6763491428129,-23.6763491428129,5.9852392995437
"877",12706,"Oronsay",89,"89_12706",2014-06-09 15:31:31,2014-06-09 15:46:29,19.9666666666667,14.9666666666667,3.71689489647849,56.055972,-6.239853,-24.7687170143438,-24.7687170143438,3.05079318740687
"878",12706,"Oronsay",90,"90_12706",2014-06-09 16:06:31,2014-06-09 16:21:34,20.0416666666667,15.05,3.66396974735639,56.055935,-6.237854,-23.0016167038686,-23.0016167038686,1.97879711497995
"879",12706,"Oronsay",91,"91_12706",2014-06-09 16:56:31,2014-06-09 17:11:33,34.9416666666667,15.0416666666667,3.39633362152522,56.052176,-6.241926,-29.9470203310393,-29.9470203310393,5.52054718761619
"880",12706,"Oronsay",92,"92_12706",2014-06-09 17:31:31,2014-06-09 17:46:31,19.9583333333333,15.0083333333333,3.27708642924739,56.042042,-6.172019,56.6943825547509,56.6943825547509,2.68675770834181
"881",12706,"Oronsay",93,"93_12706",2014-06-09 18:06:31,2014-06-09 18:21:31,20,14.9916666666667,13.4238963005474,56.069782,-6.015139,68.6744351677335,68.6744351677335,7.4449747636457
"882",12706,"Oronsay",94,"94_12706",2014-06-09 18:56:30,2014-06-09 19:11:30,34.9833333333333,15,6.48162783553562,56.058041,-6.129269,56.5042321265049,56.5042321265049,10.6565445486619
"883",12706,"Oronsay",95,"95_12706",2014-06-09 19:31:27,2014-06-09 19:46:27,19.9583333333333,15,2.56889740313102,56.028453,-6.174637,84.3933897874692,84.3933897874692,2.07892746303727
"884",12706,"Oronsay",96,"96_12706",2014-06-09 20:56:26,2014-06-09 21:11:26,69.9833333333333,15,0.746381102723227,56.018978,-6.218266,-166.349852150944,-166.349852150944,1.12698943232069
"885",12706,"Oronsay",97,"97_12706",2014-06-09 21:31:27,2014-06-09 21:46:27,20.0166666666667,14.9916666666667,0.479212109421668,56.021385,-6.217752,-163.26288834041,-163.26288834041,0.333926461818388
"886",12706,"Oronsay",98,"98_12706",2014-06-09 23:31:25,2014-06-09 23:46:25,104.975,14.9916666666667,4.2222649781164,56.036224,-6.150538,74.3142678055048,74.3142678055048,3.47938468734468
"887",12706,"Oronsay",99,"99_12706",2014-06-10 02:21:24,2014-06-10 04:06:25,154.983333333333,105.025,2.37803077936703,56.042426,-6.192235,-158.534979712678,37.15784036202,57.7359140631717
"888",12706,"Oronsay",100,"100_12706",2014-06-10 04:21:25,2014-06-10 04:56:22,15,34.9416666666667,2.24249417770759,56.04061,-6.191716,41.4990659586442,41.4990659586442,2237.80102736007
"889",12706,"Oronsay",101,"101_12706",2014-06-10 05:31:22,2014-06-10 05:46:22,35,15,3.16194153940736,56.040805,-6.172775,58.1680901223289,58.1680901223289,2.59141118648832
"890",12706,"Oronsay",102,"102_12706",2014-06-10 06:06:21,2014-06-10 06:21:24,19.9916666666667,15.0416666666667,6.04372711658916,56.026748,-6.118594,89.3602239543958,89.3602239543958,3.32667863512556
"891",12706,"Oronsay",103,"103_12706",2014-06-10 08:36:24,2014-06-10 08:56:19,135,19.925,1.25043102682402,56.034666,-6.203911,36.077642316404,36.077642316404,0.668769065532166
"892",12706,"Oronsay",104,"104_12706",2014-06-10 09:11:19,2014-06-10 12:36:20,15,205.016666666667,20.5951563036318,56.127982,-5.940159,53.4193541896895,56.2450053135674,3618.69365958042
"893",12706,"Oronsay",105,"105_12706",2014-06-10 14:06:19,2014-06-10 14:21:19,89.9833333333333,15,0.359250365697504,56.022567,-6.217901,-157.162020116704,-157.162020116704,0.160787481868431
"894",12706,"Oronsay",106,"106_12706",2014-06-10 15:31:16,2014-06-10 17:11:21,69.95,100.075,3.65683263468758,55.99289,-6.208529,-138.67576698878,173.721053248274,352.987212677731
"895",12706,"Oronsay",107,"107_12706",2014-06-10 18:06:17,2014-06-10 18:56:17,54.9416666666667,49.9916666666667,2.26697124150216,56.02975,-6.179941,71.4787826412562,71.4787826412562,1.10484468921055
"896",12706,"Oronsay",108,"108_12706",2014-06-10 19:46:14,2014-06-10 20:06:14,49.9583333333333,19.9916666666667,2.85250638389815,56.04406,-6.183957,43.3669362870808,43.3669362870808,4.70670412609253
"897",12706,"Oronsay",109,"109_12706",2014-06-10 20:21:14,2014-06-10 22:06:13,15,104.983333333333,2.37635168399043,56.042656,-6.192824,36.332942069478,36.332942069478,592.30928795847
"898",12706,"Oronsay",110,"110_12706",2014-06-11 02:06:11,2014-06-11 03:11:10,239.975,64.975,0.617107274289305,56.02076,-6.220629,-165.191068914742,-151.087544138751,44.2770223257114
"899",12706,"Oronsay",111,"111_12706",2014-06-11 03:31:09,2014-06-11 04:56:09,19.9916666666667,84.9916666666667,2.42632922313416,56.042745,-6.191705,-139.194491587851,31.9995050807349,599.943768221858
"900",12706,"Oronsay",112,"112_12706",2014-06-11 05:11:09,2014-06-11 05:31:09,15,20,2.45113662406396,56.029191,-6.176743,80.5498863900161,80.5498863900161,2.01942182246499
"901",12706,"Oronsay",113,"113_12706",2014-06-11 05:46:08,2014-06-11 06:21:08,14.9916666666667,34.9916666666667,2.39024236567543,56.010217,-6.188584,135.040755938934,135.040755938934,3.93265030407978
"902",12706,"Oronsay",114,"114_12706",2014-06-11 06:56:08,2014-06-11 07:11:07,35,14.9916666666667,0.587638562101661,56.020556,-6.218798,-159.687737650878,-159.687737650878,0.855173428797918
"903",12706,"Oronsay",115,"115_12706",2014-06-11 09:31:10,2014-06-11 09:46:11,140.041666666667,15.0166666666667,0.736568983533035,56.019145,-6.218781,-164.485907579665,-164.485907579665,0.549978158438283
"904",12706,"Oronsay",116,"116_12706",2014-06-11 10:56:07,2014-06-11 12:21:09,69.9333333333333,85.0416666666667,0.748299250748111,56.019099,-6.219157,-156.02881468602,-151.494587504382,0.684987291736082
"918",12706,"Oronsay",130,"130_12706",2014-06-12 09:45:42,2014-06-12 10:21:00,NA,35.2916666666667,17.858117967205,55.873008,-6.304096,-161.889076558059,-161.946178703522,31.3247312516303
"960",12706,"Oronsay",172,"172_12706",2014-07-13 20:49:33,2014-07-13 21:09:32,NA,19.9916666666667,184.186148056232,54.809206,-4.243645,136.501717482572,136.501717482572,215.136344923053
"961",12706,"Oronsay",173,"173_12706",2014-07-13 21:29:32,2014-07-13 21:49:32,19.9916666666667,20.0083333333333,183.400247418461,54.821165,-4.238936,136.17515753664,136.17515753664,214.15915383405
"962",12706,"Oronsay",174,"174_12706",2014-07-13 22:09:32,2014-07-13 22:29:31,20,19.9833333333333,183.387047309529,54.821136,-4.239297,136.19966284544,136.19966284544,214.321939555668
"963",12706,"Oronsay",175,"175_12706",2014-07-13 22:49:31,2014-07-13 23:09:31,20,20,183.415430711187,54.821116,-4.238678,136.161908957166,136.161908957166,213.946243262547
"964",12706,"Oronsay",176,"176_12706",2014-07-13 23:29:32,2014-07-13 23:49:33,20.0083333333333,20.0166666666667,183.409062199056,54.821144,-4.238772,136.161606804901,136.161606804901,213.689138600765
"967",12706,"Oronsay",179,"179_12706",2014-07-15 17:29:00,2014-07-15 17:43:57,NA,14.95,178.191235798944,54.847198,-4.309986,136.623264518743,136.623264518743,204.982277066987
"968",12706,"Oronsay",180,"180_12706",2014-07-15 18:03:57,2014-07-15 18:18:59,19.9916666666667,15.0416666666667,174.248316398756,54.856827,-4.383903,137.552589341538,137.552589341538,118.177155238093
"969",12706,"Oronsay",181,"181_12706",2014-07-15 18:53:56,2014-07-15 19:43:57,34.95,50.0166666666667,175.729983461595,54.850123,-4.362114,137.554909400888,137.374031367366,633.140139758388
"970",12706,"Oronsay",182,"182_12706",2014-07-15 20:03:57,2014-07-15 20:18:55,19.9916666666667,14.975,175.914096760151,54.848725,-4.360531,137.379642406774,137.379642406774,119.452207213627
"971",12706,"Oronsay",183,"183_12706",2014-07-15 20:53:57,2014-07-15 21:08:56,35.025,14.9833333333333,175.924975362228,54.848623,-4.360476,137.373873589676,137.373873589676,646.552148612359
"972",12706,"Oronsay",184,"184_12706",2014-07-15 21:28:55,2014-07-15 21:43:55,19.9916666666667,15,175.943994410015,54.847486,-4.362286,137.431249136006,137.431249136006,201.464425956259
"973",12706,"Oronsay",185,"185_12706",2014-07-15 22:03:55,2014-07-15 22:18:57,20,15.0333333333333,174.662414428301,54.85434,-4.379033,137.537026656729,137.537026656729,118.524506564579
"974",12706,"Oronsay",186,"186_12706",2014-07-15 22:53:57,2014-07-15 23:08:55,35,14.9583333333333,173.379804196821,54.859936,-4.398342,137.708611075848,137.708611075848,644.312366345164
"975",12706,"Oronsay",187,"187_12706",2014-07-16 01:36:36,2014-07-16 06:36:38,147.691666666667,300.025,4.73654061489977,56.066058,-6.192571,17.7097330498739,17.9102023456044,2.28103545045213
"976",12706,"Oronsay",188,"188_12706",2014-07-16 12:06:34,2014-07-16 22:36:25,329.941666666667,629.85,182.640433913486,54.757149,-4.387227,27.8433355090644,139.887504544944,660.328010577313
"994",12706,"Oronsay",206,"206_12706",2015-05-10 02:37:11,2015-05-10 21:07:02,NA,1109.85,6.99186334452775,56.08198,-6.166453,15.1189388619255,26.1965714344673,2.46096909257132
"996",12706,"Oronsay",208,"208_12706",2015-05-12 02:36:49,2015-05-12 08:06:44,NA,329.925,6.93417656448927,56.081297,-6.166068,15.3746264147556,27.4509141845404,2.40264089794068
"1000",12706,"Oronsay",212,"212_12706",2015-05-15 02:26:08,2015-05-15 21:55:59,NA,1169.85,7.14894634605819,56.083254,-6.165369,26.7089039724839,26.1183742035252,3.79366098585281
"1003",12706,"Oronsay",215,"215_12706",2015-05-17 02:35:44,2015-05-17 06:35:42,NA,239.958333333333,5.00235746083916,56.06617,-6.249607,23.3021731509259,-25.9724447393018,1.71923144266459
"1004",12706,"Oronsay",216,"216_12706",2015-05-17 07:05:40,2015-05-17 09:35:44,29.975,150.058333333333,0.481532657149656,56.022803,-6.209463,121.305064780895,125.278073672814,0.217585371342948
"1005",12706,"Oronsay",217,"217_12706",2015-05-17 10:35:39,2015-05-17 12:05:41,59.925,90.0333333333333,6.0530442560872,56.074816,-6.174622,25.2896821660123,25.2896821660123,3.32933336044745
"1006",12706,"Oronsay",218,"218_12706",2015-05-17 15:05:41,2015-05-17 21:35:36,NA,389.925,5.00844965816181,56.066159,-6.249878,-141.114241294678,-25.9714707756154,1.58605997842276
"1007",12706,"Oronsay",219,"219_12706",2015-05-18 04:05:33,2015-05-18 05:05:29,389.95,59.925,0.50236415010538,56.02178,-6.210941,122.802726751839,122.802726751839,0.147851909360307
"1008",12706,"Oronsay",220,"220_12706",2015-05-18 05:35:28,2015-05-18 06:35:29,29.9916666666667,60.0083333333333,2.76559016882452,56.005914,-6.242771,-145.178437147221,-142.704865274776,1.15955233578343
"1009",12706,"Oronsay",221,"221_12706",2015-05-18 07:35:28,2015-05-18 14:35:28,59.9916666666667,419.991666666667,7.41719244755543,56.085635,-6.164281,137.87721026801,25.9547689350309,3.83919730611864
"1010",12706,"Oronsay",222,"222_12706",2015-05-18 17:05:23,2015-05-18 17:35:23,149.916666666667,30,2.44812822957155,56.025835,-6.254759,-90.2953005648088,-90.2953005648088,1.33182112565699
"1011",12706,"Oronsay",223,"223_12706",2015-05-18 18:05:25,2015-05-18 21:35:21,30.0416666666667,209.933333333333,3.34608526609814,56.052861,-6.193296,24.4473722020938,24.7044473353952,1.78295487016119
"1012",12706,"Oronsay",224,"224_12706",2015-05-19 02:35:17,2015-05-19 08:05:12,299.933333333333,329.916666666667,6.50596853914343,56.077489,-6.167839,24.9248477535748,27.5005517957837,1.73709244651774
"1013",12706,"Oronsay",225,"225_12706",2015-05-19 09:05:15,2015-05-19 13:35:15,60.0416666666667,270,5.6181572660416,56.071641,-6.179012,26.6998967846841,24.2371524245132,2.04490830018207
"1014",12706,"Oronsay",226,"226_12706",2015-05-19 17:05:10,2015-05-19 20:35:10,209.916666666667,210,5.11935300109852,56.067801,-6.183309,23.0009001916008,23.6456536066851,1.70983246559205
"1015",12706,"Oronsay",227,"227_12706",2015-05-20 02:35:07,2015-05-20 05:35:04,359.958333333333,179.95,4.15085392128152,56.06214,-6.203214,21.3711887807317,10.6167410949341,1.84440544810681
"1016",12706,"Oronsay",228,"228_12706",2015-05-20 06:35:07,2015-05-20 09:35:03,60.05,179.925,7.18395176970787,56.083528,-6.165091,39.2447102303078,26.2928980866645,1.45849305545854
"1020",12706,"Oronsay",232,"232_12706",2015-05-21 12:34:34,2015-05-21 22:04:28,NA,569.9,7.08332670395071,56.087976,-6.194065,27.4433482224757,11.0246251040794,3.57927701516553
